Fin-stmt_Etat-consolide_eng,Section-lvl1_niv1_eng,Section-lvl2_niv2_eng,Section-lvl3_niv3_eng,Section-lvl4_niv4_eng,Type-detail_eng,2013/2014,2014/2015,2015/2016,2016/2017,2017/2018,2018/2019,2019/2020,2020/2021,2021/2022,2022/2023,Amt-units_Mnt-unite
"Consolidated Statement of Operations and Accumulated Deficit-detailed",Revenues,"Tax revenues","Income tax revenues",Personal,,130811,135743,144897,143680,153619,163881,167576,174755,198385,207872,x1000000
"Consolidated Statement of Operations and Accumulated Deficit-detailed",Revenues,"Tax revenues","Income tax revenues",Corporate,,36587,39447,41444,42216,47805,50368,50060,54112,78815,93945,x1000000
"Consolidated Statement of Operations and Accumulated Deficit-detailed",Revenues,"Tax revenues","Income tax revenues",Non-resident,,6404,6216,6505,7071,7845,9370,9476,8107,10789,13187,x1000000
"Consolidated Statement of Operations and Accumulated Deficit-detailed",Revenues,"Tax revenues","Other taxes and duties","Goods and services tax",,30998,31349,32952,34368,36751,38221,37386,32415,46165,45962,x1000000
"Consolidated Statement of Operations and Accumulated Deficit-detailed",Revenues,"Tax revenues","Other taxes and duties","Energy taxes",,5486,5528,5565,5634,5739,5802,5683,4894,5355,5657,x1000000
"Consolidated Statement of Operations and Accumulated Deficit-detailed",Revenues,"Tax revenues","Other taxes and duties","Customs import duties",,4239,4581,5372,5478,5416,6881,4853,4254,5237,6057,x1000000
"Consolidated Statement of Operations and Accumulated Deficit-detailed",Revenues,"Tax revenues","Other taxes and duties","Other excise taxes and duties",,5413,5724,5916,5868,5913,6323,5958,5391,5923,6548,x1000000
"Consolidated Statement of Operations and Accumulated Deficit-detailed",Revenues,"Employment insurance premiums",,,,21766,22564,23070,22125,21140,22295,22219,22392,23856,26914,x1000000
"Consolidated Statement of Operations and Accumulated Deficit-detailed",Revenues,"Proceeds from the pollution pricing framework",,,,0,0,0,0,0,0,2655,4380,6341,8041,x1000000
"Consolidated Statement of Operations and Accumulated Deficit-detailed",Revenues,"Other revenues","Enterprise Crown corporations and other government business enterprises",,,7966,9306,7916,5655,7731,7101,5059,-10542,12804,6452,x1000000
"Consolidated Statement of Operations and Accumulated Deficit-detailed",Revenues,"Other revenues","Net foreign exchange revenues",,,1682,1355,2322,2133,1473,1667,2410,2173,873,1261,x1000000
"Consolidated Statement of Operations and Accumulated Deficit-detailed",Revenues,"Other revenues",Other,,,18660,18092,16649,16640,17784,20309,20796,14115,18734,25919,x1000000
"Consolidated Statement of Operations and Accumulated Deficit-detailed",Expenses,"Program expenses","Transfer payments","Old age security benefits, guaranteed income supplement and spouse's allowance",,41786,44103,45461,48162,50644,53366,56227,58529,60774,69392,x1000000
"Consolidated Statement of Operations and Accumulated Deficit-detailed",Expenses,"Program expenses","Transfer payments","Major transfer payments to other levels of government","Canada Health Transfer",30543,32114,34025,36057,37124,38568,40872,45880,45133,47141,x1000000
"Consolidated Statement of Operations and Accumulated Deficit-detailed",Expenses,"Program expenses","Transfer payments","Major transfer payments to other levels of government","Canada Social Transfer",12215,12582,12959,13348,13748,14161,14585,15023,15474,15938,x1000000
"Consolidated Statement of Operations and Accumulated Deficit-detailed",Expenses,"Program expenses","Transfer payments","Major transfer payments to other levels of government","Canada-Wide Early Learning and Child Care",0,0,0,0,0,0,0,0,2948,4489,x1000000
"Consolidated Statement of Operations and Accumulated Deficit-detailed",Expenses,"Program expenses","Transfer payments","Major transfer payments to other levels of government","Fiscal arrangements",15610,16271,16893,17145,17575,17929,18030,19299,19121,19731,x1000000
"Consolidated Statement of Operations and Accumulated Deficit-detailed",Expenses,"Program expenses","Transfer payments","Major transfer payments to other levels of government","Other major transfers",2107,2142,1973,2102,2072,5267,5688,26451,5710,3485,x1000000
"Consolidated Statement of Operations and Accumulated Deficit-detailed",Expenses,"Program expenses","Transfer payments","Employment insurance and support measures",,17300,18052,19419,20711,19715,18888,21750,58356,38923,21836,x1000000
"Consolidated Statement of Operations and Accumulated Deficit-detailed",Expenses,"Program expenses","Transfer payments","Children's benefits",,13136,14303,18025,22065,23432,23882,24344,27370,26226,24553,x1000000
"Consolidated Statement of Operations and Accumulated Deficit-detailed",Expenses,"Program expenses","Transfer payments","COVID-19 income support for workers",,0,0,0,0,0,0,4739,55832,15582,-3544,x1000000
"Consolidated Statement of Operations and Accumulated Deficit-detailed",Expenses,"Program expenses","Transfer payments","Canada emergency wage subsidy",,0,0,0,0,0,0,0,80166,22291,-257,x1000000
"Consolidated Statement of Operations and Accumulated Deficit-detailed",Expenses,"Program expenses","Transfer payments","Proceeds from the pollution pricing framework returned",,0,0,0,0,0,664,2636,4566,3814,6996,x1000000
"Consolidated Statement of Operations and Accumulated Deficit-detailed",Expenses,"Program expenses","Transfer payments","Other transfer payments",,36698,35126,34874,41580,47138,51753,54405,97961,88478,99199,x1000000
"Consolidated Statement of Operations and Accumulated Deficit-detailed",Expenses,"Program expenses","Other expenses, excluding net actuarial losses",,,64277,73971,79939,77519,86488,90077,95191,119089,124445,129596,x1000000
"Consolidated Statement of Operations and Accumulated Deficit-detailed",Expenses,"Public debt charges",,,,24729,24207,21837,21232,21889,23266,24447,20358,24487,34955,x1000000
"Consolidated Statement of Operations and Accumulated Deficit-detailed","Net actuarial losses",,,,,-19661,-7584,-10064,-9904,-10352,-8361,-10609,-15295,-10186,-9627,x1000000
"Consolidated Statement of Operations and Accumulated Deficit-detailed","Annual operating deficit",,,,,-8050,-550,-2861,-18957,-18961,-13964,-39392,-327729,-90315,-35322,x1000000
"Consolidated Statement of Operations and Accumulated Deficit-detailed","Accumulated deficit at beginning of year-as previously reported",,,,,-609391,-611881,-612330,-615986,-631899,-671254,-685450,-721360,-1048746,-1148296,x1000000
"Consolidated Statement of Operations and Accumulated Deficit-detailed","Accounting change and restatement-Public sector pensions",,,,,-11219,-14119,-16580,-18454,-19641,0,0,0,0,0,x1000000
"Consolidated Statement of Operations and Accumulated Deficit-detailed","Other comprehensive (loss) income",,,,,2660,-2360,-2669,1857,-753,-232,3482,343,4465,0,x1000000
"Consolidated Statement of Financial Position-detailed",Liabilities,"Accounts payable and accrued liabilities","Amounts payable related to tax",,,52600,56198,53697,55077,61876,65200,60186,71516,78463,84747,x1000000
"Consolidated Statement of Financial Position-detailed",Liabilities,"Accounts payable and accrued liabilities","Other accounts payable and accrued liabilities",,,27561,28384,31113,30130,38740,43678,49875,62358,87852,57771,x1000000
"Consolidated Statement of Financial Position-detailed",Liabilities,"Accounts payable and accrued liabilities","Provision for contingent liabilities",,,11135,11757,12562,16511,23030,26447,24928,44815,53436,75999,x1000000
"Consolidated Statement of Financial Position-detailed",Liabilities,"Accounts payable and accrued liabilities","Environmental liabilities and asset retirement obligations",,,11143,12296,13282,12599,12291,13192,14646,14484,23886,23134,x1000000
"Consolidated Statement of Financial Position-detailed",Liabilities,"Accounts payable and accrued liabilities","Deferred revenue",,,4147,8161,9684,9066,8220,7500,10522,10424,18892,17789,x1000000
"Consolidated Statement of Financial Position-detailed",Liabilities,"Interest-bearing debt","Unmatured debt","Payable in Canadian currency-Marketable bonds",,481035,496463,513016,545382,582501,576128,603639,889137,1043240,1044997,x1000000
"Consolidated Statement of Financial Position-detailed",Liabilities,"Interest-bearing debt","Unmatured debt","Payable in Canadian currency-Treasury bills",,152530,135361,137894,136464,110264,133555,151285,218664,186877,198899,x1000000
"Consolidated Statement of Financial Position-detailed",Liabilities,"Interest-bearing debt","Unmatured debt","Payable in Canadian currency-Retail debt",,6327,5660,5076,4533,2586,1237,497,299,0,0,x1000000
"Consolidated Statement of Financial Position-detailed",Liabilities,"Interest-bearing debt","Unmatured debt","Payable in foreign currencies",,16066,20277,22498,17626,16089,16068,15982,15469,14473,16034,x1000000
"Consolidated Statement of Financial Position-detailed",Liabilities,"Interest-bearing debt","Unmatured debt","Obligation related to capital leases",,3603,3710,3477,3226,3203,2893,2913,2708,2786,2546,x1000000
"Consolidated Statement of Financial Position-detailed",Liabilities,"Interest-bearing debt","Unmatured debt","Obligation under public-private partnership",,1179,1005,1570,2199,2393,3511,2590,2531,2581,2564,x1000000
"Consolidated Statement of Financial Position-detailed",Liabilities,"Interest-bearing debt","Pensions and other future benefits","Public sector pensions",,167281,169244,170681,171447,170914,168782,168596,168761,167666,166425,x1000000
"Consolidated Statement of Financial Position-detailed",Liabilities,"Interest-bearing debt","Pensions and other future benefits","Other employee and veteran future benefits",,71959,76140,85681,93568,104793,113862,126378,144186,159705,177949,x1000000
"Consolidated Statement of Financial Position-detailed",Liabilities,"Interest-bearing debt","Canada Pension Plan Account",,,140,212,35,106,32,163,279,139,101,306,x1000000
"Consolidated Statement of Financial Position-detailed",Liabilities,"Interest-bearing debt","Other liabilities",,,5774,5790,5567,5583,5638,5742,5772,6572,7606,7033,x1000000
"Consolidated Statement of Financial Position-detailed",Liabilities,"Foreign exchange accounts liabilities",,,,17651,19425,29288,28888,29914,28507,28660,24797,42252,44151,x1000000
"Consolidated Statement of Financial Position-detailed",Liabilities,Derivatives,,,,3180,7716,9232,9419,8786,8265,11331,3245,2471,4689,x1000000
"Consolidated Statement of Financial Position-detailed","Financial assets","Cash and accounts receivable","Cash and cash equivalents",,,31429,34999,38570,36500,34642,37635,37242,64101,100822,49006,x1000000
"Consolidated Statement of Financial Position-detailed","Financial assets","Cash and accounts receivable","Taxes receivable",,,92489,98499,105848,110514,123035,127561,121098,142023,167588,180982,x1000000
"Consolidated Statement of Financial Position-detailed","Financial assets","Cash and accounts receivable","Other accounts receivable",,,3706,3031,10139,10316,14380,11845,15375,18072,11642,13532,x1000000
"Consolidated Statement of Financial Position-detailed","Financial assets","Foreign exchange accounts","International reserves held in the Exchange Fund Account",,,77365,91961,101379,106668,105430,107200,112017,97589,127099,148866,x1000000
"Consolidated Statement of Financial Position-detailed","Financial assets","Foreign exchange accounts","International Monetary Fund-Subscriptions",,,10883,11129,20170,19892,20647,20449,21178,19633,19052,20043,x1000000
"Consolidated Statement of Financial Position-detailed","Financial assets","Foreign exchange accounts","International Monetary Fund-Loans",,,1665,1353,1278,1125,775,546,368,197,132,67,x1000000
"Consolidated Statement of Financial Position-detailed","Financial assets","Foreign exchange accounts","International Monetary Fund-Resilience and Sustainability Trust",,,0,0,0,0,0,0,0,0,0,414,x1000000
"Consolidated Statement of Financial Position-detailed","Financial assets",Derivatives,,,,768,1170,764,1649,979,1052,810,3067,4974,3260,x1000000
"Consolidated Statement of Financial Position-detailed","Financial assets","Loans, investments and advances","Enterprise Crown corporations and other government business enterprises",,,94815,89375,91116,99427,100775,108169,125108,119994,143717,151051,x1000000
"Consolidated Statement of Financial Position-detailed","Financial assets","Loans, investments and advances","Other loans, investments and advances",,,22820,24306,24841,24579,25596,25743,27394,59284,63314,62059,x1000000
"Consolidated Statement of Financial Position-detailed","Financial assets","Public sector pension assets",,,,938,1263,1639,1900,2124,2406,4598,6320,9203,12996,x1000000
"Consolidated Statement of Financial Position-detailed","Non-financial assets","Tangible capital assets",,,,61942,63347,65838,69676,73835,78942,83682,87583,92785,97337,x1000000
"Consolidated Statement of Financial Position-detailed","Non-financial assets",Inventories,,,,7316,7250,7221,6842,6679,6601,6171,9764,9026,9405,x1000000
"Consolidated Statement of Financial Position-detailed","Non-financial assets","Prepaid expenses",,,,1175,1206,1110,1196,1119,1131,1678,3732,2958,3002,x1000000
"Consolidated Statement of Change in Net Debt-detailed","Net debt at beginning of year-as previously reported",,,,,-671363,-682314,-686959,-693751,-714457,-752887,-772124,-812891,-1149825,-1247307,x1000000
"Consolidated Statement of Change in Net Debt-detailed","Accounting changes and restatement","Unamortized premiums and discounts on the buy-back of bonds",,,,-5387,0,0,0,0,0,0,0,0,0,x1000000
"Consolidated Statement of Change in Net Debt-detailed","Accounting changes and restatement","Loans expected to be repaid from future appropriations",,,,-1563,0,0,0,0,0,0,0,0,0,x1000000
"Consolidated Statement of Change in Net Debt-detailed","Accounting changes and restatement","Public sector pensions",,,,-11219,-14119,-16580,-18454,-19641,0,0,0,0,0,x1000000
"Consolidated Statement of Change in Net Debt-detailed","Accounting changes and restatement","Change in revenue recognition criteria",,,,0,0,2826,3596,4844,0,0,0,0,0,x1000000
"Consolidated Statement of Change in Net Debt-detailed","Accounting changes and restatement","Asset retirement obligations",,,,0,0,0,0,0,0,0,0,-6328,0,x1000000
"Consolidated Statement of Change in Net Debt-detailed","Annual operating deficit",,,,,-8050,-550,-2861,-18957,-18961,-13964,-39392,-327729,-90315,-35322,x1000000
"Consolidated Statement of Change in Net Debt-detailed","Change due to tangible capital assets","Acquisition of tangible capital assets",,,,-7129,-7204,-8015,-8547,-9793,-11134,-10286,-10127,-9588,-10703,x1000000
"Consolidated Statement of Change in Net Debt-detailed","Change due to tangible capital assets","Amortization of tangible capital assets",,,,4865,5090,5049,5168,5261,5643,5790,5969,5514,5644,x1000000
"Consolidated Statement of Change in Net Debt-detailed","Change due to tangible capital assets","Proceeds from disposal of tangible capital assets",,,,804,855,610,373,236,433,41,15,28,26,x1000000
"Consolidated Statement of Change in Net Debt-detailed","Change due to tangible capital assets","Net loss (gain) on disposal of tangible capital assets, including adjustments",,,,-241,-146,-135,-832,137,-49,-285,242,-207,481,x1000000
"Consolidated Statement of Change in Net Debt-detailed","Change due to inventories",,,,,137,66,29,379,163,78,430,-3593,738,-379,x1000000
"Consolidated Statement of Change in Net Debt-detailed","Change due to prepaid expenses",,,,,53,-31,96,-86,77,-12,-547,-2054,774,-44,x1000000
"Consolidated Statement of Change in Net Debt-detailed","Net remeasurement gains (losses)",,,,,0,0,0,0,0,0,0,0,0,4847,x1000000
"Consolidated Statement of Change in Net Debt-detailed","Other comprehensive (loss) income",,,,,2660,-2360,-2669,1857,-753,-232,3482,343,4465,0,x1000000
"Consolidated Statement of Cash Flow-detailed","Operating activities","Annual Operating deficit",,,,-8050,-550,-2861,-18957,-18961,-13964,-39392,-327729,-90315,-35322,x1000000
"Consolidated Statement of Cash Flow-detailed","Operating activities","Annual Operating deficit","Non-cash items","Share of annual loss (profit) in enterprise Crown corporations and other government business enterprises",,-5945,-8365,-7316,-4920,-6959,-5920,-3588,11638,-11535,-3878,x1000000
"Consolidated Statement of Cash Flow-detailed","Operating activities","Annual Operating deficit","Non-cash items","Effective interest on debt",,2792,2261,2374,1936,1999,3044,4649,1559,3416,9329,x1000000
"Consolidated Statement of Cash Flow-detailed","Operating activities","Annual Operating deficit","Non-cash items","Provision for valuation on other loans, investments and advances",,1798,1056,1034,869,-109,2080,425,17175,2563,4879,x1000000
"Consolidated Statement of Cash Flow-detailed","Operating activities","Annual Operating deficit","Non-cash items","Amortization of tangible capital assets",,4865,5090,5049,5168,5261,5643,5790,5969,5514,5644,x1000000
"Consolidated Statement of Cash Flow-detailed","Operating activities","Annual Operating deficit","Non-cash items","Net loss (gain) on disposal of tangible capital assets, including adjustments",,-241,-146,-135,-832,137,-49,-285,242,-207,481,x1000000
"Consolidated Statement of Cash Flow-detailed","Operating activities","Annual Operating deficit","Non-cash items","Net exchange gain (loss) on derivatives",,5745,4343,1722,-627,71,-561,3318,-10142,-2696,5406,x1000000
"Consolidated Statement of Cash Flow-detailed","Operating activities","Annual Operating deficit","Non-cash items","Pensions and other future benefit and interest expenses",,24549,21817,26491,25884,29588,25662,28954,35152,32127,33720,x1000000
"Consolidated Statement of Cash Flow-detailed","Operating activities","Annual Operating deficit","Non-cash items","Provision for doubtful accounts",,3921,4315,4325,2566,2323,4024,4403,6257,5571,6249,x1000000
"Consolidated Statement of Cash Flow-detailed","Operating activities","Annual Operating deficit","Non-cash items","Net losses on write-offs and write-down of inventory and prepaid expenses",,115,327,698,370,613,400,307,486,2236,1524,x1000000
"Consolidated Statement of Cash Flow-detailed","Operating activities","Annual Operating deficit","Non-cash items","Net exchange gain (loss) on foreign exchange accounts",,-6720,-6653,-2471,214,-771,-589,-5298,7199,3450,-6345,x1000000
"Consolidated Statement of Cash Flow-detailed","Operating activities","Annual Operating deficit","Change in taxes receivable",,,-4125,-9920,-11182,-7425,-15846,-8292,2198,-26049,-30653,-18162,x1000000
"Consolidated Statement of Cash Flow-detailed","Operating activities","Annual Operating deficit","Pension and other future benefit payments",,,-16434,-15998,-15889,-17492,-19120,-19007,-18816,-18901,-20586,-20510,x1000000
"Consolidated Statement of Cash Flow-detailed","Operating activities","Annual Operating deficit","Net change in foreign exchange accounts assets",,,-7066,-8860,-15691,-5200,2873,-859,610,5564,-13569,-13859,x1000000
"Consolidated Statement of Cash Flow-detailed","Operating activities","Annual Operating deficit","Net change in foreign exchange accounts liabilities",,,-97,2114,9493,-394,882,-1400,-682,-1526,-1173,-638,x1000000
"Consolidated Statement of Cash Flow-detailed","Operating activities","Annual Operating deficit","Change in accounts payable and accrued liabilities",,,-6853,9858,3488,2824,20849,11908,4126,43564,52641,-3221,x1000000
"Consolidated Statement of Cash Flow-detailed","Operating activities","Annual Operating deficit","Net change in cash collateral",,,0,0,-6557,-349,-1841,1622,-2825,9286,1802,-2623,x1000000
"Consolidated Statement of Cash Flow-detailed","Operating activities","Annual Operating deficit","Net change in other accounts",,,-3067,-824,-3068,-720,-516,1118,1036,-9517,-3340,-4984,x1000000
"Consolidated Statement of Cash Flow-detailed","Capital investment activities","Acquisition of tangible capital assets",,,,-7129,-6804,-7379,-7834,-9220,-10010,-9598,-10030,-8886,-10484,x1000000
"Consolidated Statement of Cash Flow-detailed","Capital investment activities","Proceeds from disposal of tangible capital assets",,,,804,855,610,373,236,433,41,15,28,26,x1000000
"Consolidated Statement of Cash Flow-detailed","Investing activities","Enterprise Crown corporations and other government business enterprises","Dividends received and other equity adjustments",,,5165,3514,4975,2195,7993,6302,1992,-13989,13187,11505,x1000000
"Consolidated Statement of Cash Flow-detailed","Investing activities","Enterprise Crown corporations and other government business enterprises","Issuance of loans and advances",,,-70328,-79905,-54542,-52213,-42756,-48889,-54334,-48985,-67331,-64071,x1000000
"Consolidated Statement of Cash Flow-detailed","Investing activities","Enterprise Crown corporations and other government business enterprises","Repayment of loans and advances",,,110259,88168,52699,48703,39884,41086,42648,47837,54205,52058,x1000000
"Consolidated Statement of Cash Flow-detailed","Investing activities","Issuance of other loans, investments and advances",,,,-5145,-7481,-7601,-5978,-7483,-7446,-8158,-54548,-14316,-13602,x1000000
"Consolidated Statement of Cash Flow-detailed","Investing activities","Repayment of other loans, investments and advances",,,,4402,4991,5383,4708,3120,4555,4699,5010,7693,11044,x1000000
"Consolidated Statement of Cash Flow-detailed","Financing activities","Issuance of Canadian currency borrowings",,,,512009,468021,452850,507483,441307,437135,468722,1048574,710292,587867,x1000000
"Consolidated Statement of Cash Flow-detailed","Financing activities","Repayment of Canadian currency borrowings",,,,-536364,-471891,-435143,-477549,-433801,-424926,-430279,-698130,-592308,-584412,x1000000
"Consolidated Statement of Cash Flow-detailed","Financing activities","Issuance of foreign currency borrowings",,,,12011,16961,26817,21702,15847,19631,17821,34185,31377,23769,x1000000
"Consolidated Statement of Cash Flow-detailed","Financing activities","Repayment of foreign currency borrowings",,,,-6783,-12724,-24602,-26575,-17458,-19738,-18877,-33307,-32466,-23206,x1000000
"Consolidated Statement of Cash Flow-detailed","Cash and cash equivalents at beginning of year",,,,,27341,31429,34999,38570,36500,34642,37635,37242,64101,100822,x1000000
"Consolidated Statement of Non-Budgetary Transactions and of Non-Financial Assets-detailed","Loans, investments and advances","Enterprise Crown corporations and other government business enterprises","Loans and advances","Canada Mortgage and Housing Corporation",,41951,10465,177,720,1124,592,-6282,-907,-2024,-2510,x1000000
"Consolidated Statement of Non-Budgetary Transactions and of Non-Financial Assets-detailed","Loans, investments and advances","Enterprise Crown corporations and other government business enterprises","Loans and advances","Business Development Bank of Canada",,-1106,-1356,-1266,-1869,-1659,-1765,-1170,5179,-1848,-6793,x1000000
"Consolidated Statement of Non-Budgetary Transactions and of Non-Financial Assets-detailed","Loans, investments and advances","Enterprise Crown corporations and other government business enterprises","Loans and advances","Farm Credit Canada",,-855,-658,-748,-2245,-2318,-1850,-2794,-1699,-3106,-2821,x1000000
"Consolidated Statement of Non-Budgetary Transactions and of Non-Financial Assets-detailed","Loans, investments and advances","Enterprise Crown corporations and other government business enterprises","Loans and advances","Canadian Development Investment Corporation",,0,0,0,0,0,-4790,-1465,-3725,-6290,138,x1000000
"Consolidated Statement of Non-Budgetary Transactions and of Non-Financial Assets-detailed","Loans, investments and advances","Enterprise Crown corporations and other government business enterprises","Loans and advances",Other,,-60,-167,-11,-117,-18,9,17,-12,154,-26,x1000000
"Consolidated Statement of Non-Budgetary Transactions and of Non-Financial Assets-detailed","Loans, investments and advances","Enterprise Crown corporations and other government business enterprises",Investments,"Share of annual loss (profit)",,-5945,-8365,-7316,-4920,-6959,-5920,-3588,11638,-11535,-3878,x1000000
"Consolidated Statement of Non-Budgetary Transactions and of Non-Financial Assets-detailed","Loans, investments and advances","Enterprise Crown corporations and other government business enterprises",Investments,"Other comprehensive (income) loss",,-2660,2360,2669,-1857,753,232,-3482,-343,-4465,-1628,x1000000
"Consolidated Statement of Non-Budgetary Transactions and of Non-Financial Assets-detailed","Loans, investments and advances","Enterprise Crown corporations and other government business enterprises",Investments,Dividends,,5215,2341,4002,2320,8058,6427,3618,13592,6050,1695,x1000000
"Consolidated Statement of Non-Budgetary Transactions and of Non-Financial Assets-detailed","Loans, investments and advances","Enterprise Crown corporations and other government business enterprises",Investments,Capital,,-50,1030,973,-125,-65,-125,-1816,-18470,-435,8717,x1000000
"Consolidated Statement of Non-Budgetary Transactions and of Non-Financial Assets-detailed","Loans, investments and advances","Enterprise Crown corporations and other government business enterprises",Investments,"Transition adjustment and other",,0,143,0,0,0,0,190,-24,2,-27,x1000000
"Consolidated Statement of Non-Budgetary Transactions and of Non-Financial Assets-detailed","Loans, investments and advances","Enterprise Crown corporations and other government business enterprises","Loans expected to be repaid from future appropriations",,,-480,353,221,218,264,204,167,115,225,201,x1000000
"Consolidated Statement of Non-Budgetary Transactions and of Non-Financial Assets-detailed","Loans, investments and advances","Other loans, investments and advances","Portfolio investments",,,157,119,351,286,1235,-616,-385,-165,390,-166,x1000000
"Consolidated Statement of Non-Budgetary Transactions and of Non-Financial Assets-detailed","Loans, investments and advances","Other loans, investments and advances","Capital subscriptions-International organizations",,,0,0,0,0,-257,257,0,0,0,0,x1000000
"Consolidated Statement of Non-Budgetary Transactions and of Non-Financial Assets-detailed","Loans, investments and advances","Other loans, investments and advances","Loans and advances","Canada Emergency Business Account",,0,0,0,0,0,0,0,-28789,344,3864,x1000000
"Consolidated Statement of Non-Budgetary Transactions and of Non-Financial Assets-detailed","Loans, investments and advances","Other loans, investments and advances","Loans and advances","Canada Student Loans and Canada Apprentice Loans",,-578,-1021,-694,-504,-913,-1156,-637,-1120,-115,-510,x1000000
"Consolidated Statement of Non-Budgetary Transactions and of Non-Financial Assets-detailed","Loans, investments and advances","Other loans, investments and advances","Loans and advances","Unconditionally repayable contributions",,-156,-170,-1177,47,-139,-147,-389,-1619,-1098,-948,x1000000
"Consolidated Statement of Non-Budgetary Transactions and of Non-Financial Assets-detailed","Loans, investments and advances","Other loans, investments and advances","Loans and advances","Other loans and advances",,891,-414,985,433,-943,1515,-240,-197,-3550,-984,x1000000
"Consolidated Statement of Non-Budgetary Transactions and of Non-Financial Assets-detailed","Pensions and other future benefits","Public sector pensions",,,,3457,1638,1061,505,-757,-2414,-2378,-1557,-3979,-5034,x1000000
"Consolidated Statement of Non-Budgetary Transactions and of Non-Financial Assets-detailed","Pensions and other future benefits","Other employee and veteran future benefits",,,,4658,4181,9541,7887,11225,9069,12516,17808,15519,18244,x1000000
"Consolidated Statement of Non-Budgetary Transactions and of Non-Financial Assets-detailed","Other liabilities","Canada Pension Plan Account",,,,72,72,-177,71,-74,131,115,-139,-38,204,x1000000
"Consolidated Statement of Non-Budgetary Transactions and of Non-Financial Assets-detailed","Other liabilities","Other liabilities",,,,-204,16,-223,16,55,104,31,800,1034,-573,x1000000
"Consolidated Statement of Non-Budgetary Transactions and of Non-Financial Assets-detailed","Non-financial assets","Tangible capital assets",,,,-1701,-1405,-2491,-3838,-4159,-5107,-4740,-3901,-5202,-4552,x1000000
"Consolidated Statement of Non-Budgetary Transactions and of Non-Financial Assets-detailed","Non-financial assets",Inventories,,,,137,66,29,379,163,78,430,-3593,738,-379,x1000000
"Consolidated Statement of Non-Budgetary Transactions and of Non-Financial Assets-detailed","Non-financial assets","Prepaid expenses",,,,53,-31,96,-86,77,-12,-547,-2054,774,-44,x1000000
"Consolidated Statement of Non-Budgetary Transactions and of Non-Financial Assets-detailed","Other transactions","Taxes receivable",,,,-374,-6010,-7349,-4666,-12521,-4526,6463,-20925,-25565,-13394,x1000000
"Consolidated Statement of Non-Budgetary Transactions and of Non-Financial Assets-detailed","Other transactions","Other accounts receivable",,,,-119,675,-7108,-177,-4064,2535,-3530,-2697,6430,-1890,x1000000
"Consolidated Statement of Non-Budgetary Transactions and of Non-Financial Assets-detailed","Other transactions","Provincial, Territorial and Indigenous Tax Agreements Account",,,,-1584,951,2780,-1942,5034,-351,-4710,7691,16140,-20942,x1000000
"Consolidated Statement of Non-Budgetary Transactions and of Non-Financial Assets-detailed","Other transactions","Amounts payable related to tax",,,,-2277,3598,-2501,1380,6799,3324,-5014,11330,6947,6285,x1000000
"Consolidated Statement of Non-Budgetary Transactions and of Non-Financial Assets-detailed","Other transactions","Other liabilities",,,,-2977,5661,3262,3607,8941,8888,13863,24419,35845,11568,x1000000
"Consolidated Statement of Foreign Exchange, Unmatured Debt and Cash Transactions-detailed","Foreign exchange accounts Assets","International reserves held in the Exchange Fund Account",,,,-13984,-14596,-9418,-5289,1238,-1770,-4817,14427,-29510,-21767,x1000000
"Consolidated Statement of Foreign Exchange, Unmatured Debt and Cash Transactions-detailed","Foreign exchange accounts Assets","International Monetary Fund-Subscriptions",,,,-1189,-246,-9041,278,-755,198,-729,1546,581,-992,x1000000
"Consolidated Statement of Foreign Exchange, Unmatured Debt and Cash Transactions-detailed","Foreign exchange accounts Assets","International Monetary Fund-Loans",,,,-208,312,75,153,350,229,178,171,65,65,x1000000
"Consolidated Statement of Foreign Exchange, Unmatured Debt and Cash Transactions-detailed","Foreign exchange accounts Assets","International Monetary Fund-Loans","Resilience  and Sustainability Trust",,,0,0,0,0,0,0,0,0,0,-414,x1000000
"Consolidated Statement of Foreign Exchange, Unmatured Debt and Cash Transactions-detailed","Foreign exchange accounts Liabilities","International Monetary Fund","Special drawing rights allocations",,,-1118,-231,-493,150,-409,107,-396,840,-17945,-1489,x1000000
"Consolidated Statement of Foreign Exchange, Unmatured Debt and Cash Transactions-detailed","Foreign exchange accounts Liabilities","International Monetary Fund","Notes payable",,,-760,-1543,-9370,250,-617,1300,243,3023,490,-411,x1000000
"Consolidated Statement of Foreign Exchange, Unmatured Debt and Cash Transactions-detailed","Unmatured debt","Payable in Canadian currency","Marketable bonds",,,11996,15428,16553,32366,37119,-6373,27511,285498,154103,1757,x1000000
"Consolidated Statement of Foreign Exchange, Unmatured Debt and Cash Transactions-detailed","Unmatured debt","Payable in Canadian currency","Treasury bills",,,-28159,-17169,2533,-1430,-26200,23291,17730,67379,-31787,12022,x1000000
"Consolidated Statement of Foreign Exchange, Unmatured Debt and Cash Transactions-detailed","Unmatured debt","Payable in Canadian currency","Retail debt",,,-1154,-667,-584,-543,-1947,-1349,-740,-198,-299,0,x1000000
"Consolidated Statement of Foreign Exchange, Unmatured Debt and Cash Transactions-detailed","Unmatured debt","Payable in foreign currencies",,,,5264,4211,2221,-4872,-1537,-21,-86,-513,-996,1561,x1000000
"Consolidated Statement of Foreign Exchange, Unmatured Debt and Cash Transactions-detailed","Unmatured debt","Obligation related to capital leases",,,,-45,107,-233,-251,-23,-310,20,-205,78,-240,x1000000
"Consolidated Statement of Foreign Exchange, Unmatured Debt and Cash Transactions-detailed","Unmatured debt","Obligation under public-private partnership",,,,262,-174,565,629,194,1118,-921,-59,50,-17,x1000000
"Consolidated Statement of Foreign Exchange, Unmatured Debt and Cash Transactions-detailed","Cash and cash equivalents at end of year","In Canadian currency",,,,31415,34716,36022,35353,34110,36840,36400,63685,100166,47891,x1000000
"Consolidated Statement of Foreign Exchange, Unmatured Debt and Cash Transactions-detailed","Cash and cash equivalents at end of year","In foreign currencies",,,,14,283,2548,1147,532,795,842,416,656,1115,x1000000