Fin-stmt_Etat-consolide_eng,Fin-stmt_Etat-consolide_fra,Section-lvl1_niv1_eng,Section-lvl1_niv1_fra,Section-lvl2_niv2_eng,Section-lvl2_niv2_fra,Section-lvl3_niv3_eng,Section-lvl3_niv3_fra,Section-lvl4_niv4_eng,Section-lvl4_niv4_fra,Type-detail_eng,Type-detail_fra,2014/2015,2015/2016,2016/2017,2017/2018,2018/2019,2019/2020,2020/2021,2021/2022,2022/2023,2023/2024,Amt-units_Mnt-unite
"Consolidated Statement of Operations and Accumulated Deficit—detailed","État consolidé des résultats et du déficit accumulé – détaillé",Revenues,Revenus,"Tax revenues","Revenus fiscaux","Income tax revenues","Revenus d'impôt sur le revenu",Personal,Particuliers,,,135743,144897,143680,153619,163881,167576,174755,198385,207872,217696,x1000000
"Consolidated Statement of Operations and Accumulated Deficit—detailed","État consolidé des résultats et du déficit accumulé – détaillé",Revenues,Revenus,"Tax revenues","Revenus fiscaux","Income tax revenues","Revenus d'impôt sur le revenu",Corporate,Sociétés,,,39447,41444,42216,47805,50368,50060,54112,78815,93945,82468,x1000000
"Consolidated Statement of Operations and Accumulated Deficit—detailed","État consolidé des résultats et du déficit accumulé – détaillé",Revenues,Revenus,"Tax revenues","Revenus fiscaux","Income tax revenues","Revenus d'impôt sur le revenu",Non-resident,Non-résidents,,,6216,6505,7071,7845,9370,9476,8107,10789,13187,12541,x1000000
"Consolidated Statement of Operations and Accumulated Deficit—detailed","État consolidé des résultats et du déficit accumulé – détaillé",Revenues,Revenus,"Tax revenues","Revenus fiscaux","Other taxes and duties","Autres taxes et droits","Goods and services tax","Taxe sur les produits et services",,,31349,32952,34368,36751,38221,37386,32415,46165,45962,51416,x1000000
"Consolidated Statement of Operations and Accumulated Deficit—detailed","État consolidé des résultats et du déficit accumulé – détaillé",Revenues,Revenus,"Tax revenues","Revenus fiscaux","Other taxes and duties","Autres taxes et droits","Energy taxes","Taxes sur l'énergie",,,5528,5565,5634,5739,5802,5683,4894,5355,5657,5599,x1000000
"Consolidated Statement of Operations and Accumulated Deficit—detailed","État consolidé des résultats et du déficit accumulé – détaillé",Revenues,Revenus,"Tax revenues","Revenus fiscaux","Other taxes and duties","Autres taxes et droits","Customs import duties","Droits de douane à l'importation",,,4581,5372,5478,5416,6881,4853,4254,5237,6057,5571,x1000000
"Consolidated Statement of Operations and Accumulated Deficit—detailed","État consolidé des résultats et du déficit accumulé – détaillé",Revenues,Revenus,"Tax revenues","Revenus fiscaux","Other taxes and duties","Autres taxes et droits","Other excise taxes and duties","Autres taxes et droits d'accise",,,5724,5916,5868,5913,6323,5958,5391,5923,6548,6829,x1000000
"Consolidated Statement of Operations and Accumulated Deficit—detailed","État consolidé des résultats et du déficit accumulé – détaillé",Revenues,Revenus,"Employment insurance premiums","Cotisations d’assurance-emploi",,,,,,,22564,23070,22125,21140,22295,22219,22392,23856,26914,29560,x1000000
"Consolidated Statement of Operations and Accumulated Deficit—detailed","État consolidé des résultats et du déficit accumulé – détaillé",Revenues,Revenus,"Proceeds from the pollution pricing framework","Redevances en provenance du cadre sur la tarification de la pollution",,,,,,,0,0,0,0,0,2655,4380,6341,8041,10503,x1000000
"Consolidated Statement of Operations and Accumulated Deficit—detailed","État consolidé des résultats et du déficit accumulé – détaillé",Revenues,Revenus,"Other revenues","Autres revenus","Enterprise Crown corporations and other government business enterprises","Sociétés d'État entreprises et autres entreprises publiques",,,,,9306,7916,5655,7731,7101,5059,-10542,12804,6452,3217,x1000000
"Consolidated Statement of Operations and Accumulated Deficit—detailed","État consolidé des résultats et du déficit accumulé – détaillé",Revenues,Revenus,"Other revenues","Autres revenus","Net foreign exchange revenues and return on investments","Revenus nets des opérations de change et revenus de placements",,,,,3282,3403,3296,2789,3473,4218,2572,1272,2374,4290,x1000000
"Consolidated Statement of Operations and Accumulated Deficit—detailed","État consolidé des résultats et du déficit accumulé – détaillé",Revenues,Revenus,"Other revenues","Autres revenus","Other program revenues","Autres revenus de programmes",,,,,16165,15568,15477,16468,18503,18988,13716,18335,24806,29859,x1000000
"Consolidated Statement of Operations and Accumulated Deficit—detailed","État consolidé des résultats et du déficit accumulé – détaillé",Expenses,Charges,"Program expenses","Charges de programmes","Transfer payments","Paiements de transfert","Old age security benefits, guaranteed income supplement and spouse's allowance","Prestations de sécurité de la vieillesse, supplément de revenu garanti et allocation au conjoint",,,44103,45461,48162,50644,53366,56227,58529,60774,69392,76036,x1000000
"Consolidated Statement of Operations and Accumulated Deficit—detailed","État consolidé des résultats et du déficit accumulé – détaillé",Expenses,Charges,"Program expenses","Charges de programmes","Transfer payments","Paiements de transfert","Major transfer payments to other levels of government","Principaux paiements de transfert à d'autres paliers de gouvernement","Canada Health Transfer","Transfert canadien en matière de santé",32114,34025,36057,37124,38568,40872,45880,45133,47141,49431,x1000000
"Consolidated Statement of Operations and Accumulated Deficit—detailed","État consolidé des résultats et du déficit accumulé – détaillé",Expenses,Charges,"Program expenses","Charges de programmes","Transfer payments","Paiements de transfert","Major transfer payments to other levels of government","Principaux paiements de transfert à d'autres paliers de gouvernement","Canada Social Transfer","Transfert canadien en matière de programmes sociaux",12582,12959,13348,13748,14161,14585,15023,15474,15938,16417,x1000000
"Consolidated Statement of Operations and Accumulated Deficit—detailed","État consolidé des résultats et du déficit accumulé – détaillé",Expenses,Charges,"Program expenses","Charges de programmes","Transfer payments","Paiements de transfert","Major transfer payments to other levels of government","Principaux paiements de transfert à d'autres paliers de gouvernement","Canada-Wide Early Learning and Child Care","Plan d’apprentissage et de garde des jeunes enfants pancanadien",0,0,0,0,0,0,0,2948,4489,5612,x1000000
"Consolidated Statement of Operations and Accumulated Deficit—detailed","État consolidé des résultats et du déficit accumulé – détaillé",Expenses,Charges,"Program expenses","Charges de programmes","Transfer payments","Paiements de transfert","Major transfer payments to other levels of government","Principaux paiements de transfert à d'autres paliers de gouvernement","Fiscal arrangements","Accords fiscaux",16271,16893,17145,17575,17929,18030,19299,19121,19731,21738,x1000000
"Consolidated Statement of Operations and Accumulated Deficit—detailed","État consolidé des résultats et du déficit accumulé – détaillé",Expenses,Charges,"Program expenses","Charges de programmes","Transfer payments","Paiements de transfert","Major transfer payments to other levels of government","Principaux paiements de transfert à d'autres paliers de gouvernement","Other major transfers","Autres principaux transferts",2142,1973,2102,2072,5267,5688,26451,5710,3485,6975,x1000000
"Consolidated Statement of Operations and Accumulated Deficit—detailed","État consolidé des résultats et du déficit accumulé – détaillé",Expenses,Charges,"Program expenses","Charges de programmes","Transfer payments","Paiements de transfert","Employment insurance and support measures","Assurance-emploi et mesures de soutien",,,18052,19419,20711,19715,18888,21750,58356,38923,21836,23130,x1000000
"Consolidated Statement of Operations and Accumulated Deficit—detailed","État consolidé des résultats et du déficit accumulé – détaillé",Expenses,Charges,"Program expenses","Charges de programmes","Transfer payments","Paiements de transfert","Children's benefits","Prestations pour enfants",,,14303,18025,22065,23432,23882,24344,27370,26226,24553,26339,x1000000
"Consolidated Statement of Operations and Accumulated Deficit—detailed","État consolidé des résultats et du déficit accumulé – détaillé",Expenses,Charges,"Program expenses","Charges de programmes","Transfer payments","Paiements de transfert","COVID-19 income support for workers","Soutien au revenu lié à la COVID-19 pour les travailleurs",,,0,0,0,0,0,4739,55832,15582,-3544,-4838,x1000000
"Consolidated Statement of Operations and Accumulated Deficit—detailed","État consolidé des résultats et du déficit accumulé – détaillé",Expenses,Charges,"Program expenses","Charges de programmes","Transfer payments","Paiements de transfert","Canada emergency wage subsidy","Subvention salariale d'urgence du Canada",,,0,0,0,0,0,0,80166,22291,-257,-420,x1000000
"Consolidated Statement of Operations and Accumulated Deficit—detailed","État consolidé des résultats et du déficit accumulé – détaillé",Expenses,Charges,"Program expenses","Charges de programmes","Transfer payments","Paiements de transfert","Pollution pricing proceeds returned","Retour des produits issus de la tarification de la pollution",,,0,0,0,0,664,2636,4566,3814,6996,9858,x1000000
"Consolidated Statement of Operations and Accumulated Deficit—detailed","État consolidé des résultats et du déficit accumulé – détaillé",Expenses,Charges,"Program expenses","Charges de programmes","Transfer payments","Paiements de transfert","Other transfer payments","Autres paiements de transfert",,,35126,34874,41580,47138,51753,54405,97961,88478,99199,96371,x1000000
"Consolidated Statement of Operations and Accumulated Deficit—detailed","État consolidé des résultats et du déficit accumulé – détaillé",Expenses,Charges,"Program expenses","Charges de programmes","Other expenses, excluding net actuarial losses","Autres charges, excluant les pertes actuarielles nettes",,,,,73971,79939,77519,86488,90077,95191,119089,124445,129596,140014,x1000000
"Consolidated Statement of Operations and Accumulated Deficit—detailed","État consolidé des résultats et du déficit accumulé – détaillé",Expenses,Charges,"Public debt charges","Frais de la dette publique",,,,,,,24207,21837,21232,21889,23266,24447,20358,24487,34955,47273,x1000000
"Consolidated Statement of Operations and Accumulated Deficit—detailed","État consolidé des résultats et du déficit accumulé – détaillé","Net actuarial losses","Pertes actuarielles nettes",,,,,,,,,-7584,-10064,-9904,-10352,-8361,-10609,-15295,-10186,-9627,-7489,x1000000
"Consolidated Statement of Operations and Accumulated Deficit—detailed","État consolidé des résultats et du déficit accumulé – détaillé","Annual operating deficit","Déficit lié aux activités annuel",,,,,,,,,-550,-2861,-18957,-18961,-13964,-39392,-327729,-90315,-35322,-61876,x1000000
"Consolidated Statement of Operations and Accumulated Deficit—detailed","État consolidé des résultats et du déficit accumulé – détaillé","Accumulated deficit at beginning of year—as previously reported","Déficit accumulé lié aux activités au début de l’exercice – tel qu'établit antérieurement",,,,,,,,,-611881,-612330,-615986,-631899,-671254,-685450,-721360,-1048746,-1148296,-1183618,x1000000
"Consolidated Statement of Operations and Accumulated Deficit—detailed","État consolidé des résultats et du déficit accumulé – détaillé","Accounting change and restatement—Public sector pensions","Changement comptable et redressements – régimes de retraite du secteur public",,,,,,,,,-14119,-16580,-18454,-19641,0,0,0,0,0,0,x1000000
"Consolidated Statement of Operations and Accumulated Deficit—detailed","État consolidé des résultats et du déficit accumulé – détaillé","Accounting change and restatement—Asset retirement obligations","Changement comptable et redressements – Obligations liées à la mise hors service d'immobilisations",,,,,,,,,0,0,0,0,0,0,0,-5379,0,0,x1000000
"Consolidated Statement of Operations and Accumulated Deficit—detailed","État consolidé des résultats et du déficit accumulé – détaillé","Other comprehensive (loss) income","Autres éléments du résultat global",,,,,,,,,-2360,-2669,1857,-753,-232,3482,343,4465,0,0,x1000000
"Consolidated Statement of Financial Position—detailed","État consolidé de la situation financière – détaillé",Liabilities,Passifs,"Accounts payable and accrued liabilities","Créditeurs et charges à payer","Amounts payable related to tax","Créditeurs fiscaux",,,,,56198,53697,55077,61876,65200,60186,71516,78463,84747,87737,x1000000
"Consolidated Statement of Financial Position—detailed","État consolidé de la situation financière – détaillé",Liabilities,Passifs,"Accounts payable and accrued liabilities","Créditeurs et charges à payer","Other accounts payable and accrued liabilities","Autres créditeurs et charges à payer",,,,,28384,31113,30130,38740,43678,49875,62358,87852,57771,79894,x1000000
"Consolidated Statement of Financial Position—detailed","État consolidé de la situation financière – détaillé",Liabilities,Passifs,"Accounts payable and accrued liabilities","Créditeurs et charges à payer","Provision for contingent liabilities","Provision pour passif éventuel",,,,,11757,12562,16511,23030,26447,24928,44815,53436,75999,56588,x1000000
"Consolidated Statement of Financial Position—detailed","État consolidé de la situation financière – détaillé",Liabilities,Passifs,"Accounts payable and accrued liabilities","Créditeurs et charges à payer","Environmental liabilities and asset retirement obligations","Passif environnemental et obligations liées à la mise hors service d'immobilisations",,,,,12296,13282,12599,12291,13192,14646,14484,23886,23134,22643,x1000000
"Consolidated Statement of Financial Position—detailed","État consolidé de la situation financière – détaillé",Liabilities,Passifs,"Accounts payable and accrued liabilities","Créditeurs et charges à payer","Deferred revenue","Revenus reportés",,,,,8161,9684,9066,8220,7500,10522,10424,18892,17789,17194,x1000000
"Consolidated Statement of Financial Position—detailed","État consolidé de la situation financière – détaillé",Liabilities,Passifs,"Interest-bearing debt","Dette portant intérêt","Unmatured debt","Dette non échue","Payable in Canadian currency—Marketable bonds","Payable en monnaie canadienne - Obligations négociables",,,496463,513016,545382,582501,576128,603639,889137,1043240,1044997,1087686,x1000000
"Consolidated Statement of Financial Position—detailed","État consolidé de la situation financière – détaillé",Liabilities,Passifs,"Interest-bearing debt","Dette portant intérêt","Unmatured debt","Dette non échue","Payable in Canadian currency—Treasury bills","Payable en monnaie canadienne - Bons du Trésor",,,135361,137894,136464,110264,133555,151285,218664,186877,198899,262983,x1000000
"Consolidated Statement of Financial Position—detailed","État consolidé de la situation financière – détaillé",Liabilities,Passifs,"Interest-bearing debt","Dette portant intérêt","Unmatured debt","Dette non échue","Payable in Canadian currency—Retail debt","Payable en monnaie canadienne - Titres au détail",,,5660,5076,4533,2586,1237,497,299,0,0,0,x1000000
"Consolidated Statement of Financial Position—detailed","État consolidé de la situation financière – détaillé",Liabilities,Passifs,"Interest-bearing debt","Dette portant intérêt","Unmatured debt","Dette non échue","Payable in foreign currencies","Payable en devises",,,20277,22498,17626,16089,16068,15982,15469,14473,16034,21246,x1000000
"Consolidated Statement of Financial Position—detailed","État consolidé de la situation financière – détaillé",Liabilities,Passifs,"Interest-bearing debt","Dette portant intérêt","Unmatured debt","Dette non échue","Obligation related to capital leases","Obligation découlant de contrats de location-acquisition",,,3710,3477,3226,3203,2893,2913,2708,2786,2546,2366,x1000000
"Consolidated Statement of Financial Position—detailed","État consolidé de la situation financière – détaillé",Liabilities,Passifs,"Interest-bearing debt","Dette portant intérêt","Unmatured debt","Dette non échue","Obligation under public-private partnership","Obligation en vertu des partenariats public-privé",,,1005,1570,2199,2393,3511,2590,2531,2581,2564,2541,x1000000
"Consolidated Statement of Financial Position—detailed","État consolidé de la situation financière – détaillé",Liabilities,Passifs,"Interest-bearing debt","Dette portant intérêt","Pensions and other future benefits","Régimes de retraite et autres avantages futurs","Public sector pensions","Régimes de retraite du secteur public",,,169244,170681,171447,170914,168782,168596,168761,167666,166425,165354,x1000000
"Consolidated Statement of Financial Position—detailed","État consolidé de la situation financière – détaillé",Liabilities,Passifs,"Interest-bearing debt","Dette portant intérêt","Pensions and other future benefits","Régimes de retraite et autres avantages futurs","Other employee and veteran future benefits","Autres avantages futurs des employés et des anciens combattants",,,76140,85681,93568,104793,113862,126378,144186,159705,177949,196350,x1000000
"Consolidated Statement of Financial Position—detailed","État consolidé de la situation financière – détaillé",Liabilities,Passifs,"Interest-bearing debt","Dette portant intérêt","Canada Pension Plan Account","Compte du Régime de pensions du Canada",,,,,212,35,106,32,163,279,139,101,306,159,x1000000
"Consolidated Statement of Financial Position—detailed","État consolidé de la situation financière – détaillé",Liabilities,Passifs,"Interest-bearing debt","Dette portant intérêt","Other liabilities","Autres passifs",,,,,5790,5567,5583,5638,5742,5772,6572,7606,7033,6804,x1000000
"Consolidated Statement of Financial Position—detailed","État consolidé de la situation financière – détaillé",Liabilities,Passifs,"Foreign exchange accounts liabilities","Comptes d'opérations de change passif",,,,,,,19425,29288,28888,29914,28507,28660,24797,42252,44151,44106,x1000000
"Consolidated Statement of Financial Position—detailed","État consolidé de la situation financière – détaillé",Liabilities,Passifs,Derivatives,Dérivés,,,,,,,7716,9232,9419,8786,8265,11331,3245,2471,4689,4131,x1000000
"Consolidated Statement of Financial Position—detailed","État consolidé de la situation financière – détaillé","Financial assets","Actifs financiers","Cash and accounts receivable","Trésorerie et créances","Cash and cash equivalents","Trésorerie et équivalents de trésorerie",,,,,34999,38570,36500,34642,37635,37242,64101,100822,49006,75059,x1000000
"Consolidated Statement of Financial Position—detailed","État consolidé de la situation financière – détaillé","Financial assets","Actifs financiers","Cash and accounts receivable","Trésorerie et créances","Taxes receivable","Impôts à recevoir",,,,,98499,105848,110514,123035,127561,121098,142023,167588,180982,203045,x1000000
"Consolidated Statement of Financial Position—detailed","État consolidé de la situation financière – détaillé","Financial assets","Actifs financiers","Cash and accounts receivable","Trésorerie et créances","Other accounts receivable","Autres créances",,,,,3031,10139,10316,14380,11845,15375,18072,11642,13532,13999,x1000000
"Consolidated Statement of Financial Position—detailed","État consolidé de la situation financière – détaillé","Financial assets","Actifs financiers","Foreign exchange accounts","Comptes d’opérations de change","International reserves held in the Exchange Fund Account","Réserves de liquidités internationales détenues dans le Compte du fonds des changes",,,,,91961,101379,106668,105430,107200,112017,97589,127099,148866,159415,x1000000
"Consolidated Statement of Financial Position—detailed","État consolidé de la situation financière – détaillé","Financial assets","Actifs financiers","Foreign exchange accounts","Comptes d’opérations de change","International Monetary Fund—Subscriptions","Fonds monétaire international - Souscriptions",,,,,11129,20170,19892,20647,20449,21178,19633,19052,20043,19757,x1000000
"Consolidated Statement of Financial Position—detailed","État consolidé de la situation financière – détaillé","Financial assets","Actifs financiers","Foreign exchange accounts","Comptes d’opérations de change","International Monetary Fund—Loans","Fonds monétaire international - Prêts",,,,,1353,1278,1125,775,546,368,197,132,67,0,x1000000
"Consolidated Statement of Financial Position—detailed","État consolidé de la situation financière – détaillé","Financial assets","Actifs financiers","Foreign exchange accounts","Comptes d’opérations de change","International Monetary Fund—Poverty Reduction and Growth Trust","Fonds monétaire international - Fonds fiduciaire pour la réduction de la pauvreté et pour la croissance",,,,,0,0,0,0,0,0,0,0,0,494,x1000000
"Consolidated Statement of Financial Position—detailed","État consolidé de la situation financière – détaillé","Financial assets","Actifs financiers","Foreign exchange accounts","Comptes d’opérations de change","International Monetary Fund—Resilience and Sustainability Trust","Fonds monétaire international - Fonds fiduciaire pour la résilience et la durabilité",,,,,0,0,0,0,0,0,0,0,414,474,x1000000
"Consolidated Statement of Financial Position—detailed","État consolidé de la situation financière – détaillé","Financial assets","Actifs financiers",Derivatives,Dérivés,,,,,,,1170,764,1649,979,1052,810,3067,4974,3260,2928,x1000000
"Consolidated Statement of Financial Position—detailed","État consolidé de la situation financière – détaillé","Financial assets","Actifs financiers","Loans, investments and advances","Prêts, placements et avances","Enterprise Crown corporations and other government business enterprises","Sociétés d'État entreprises et autres entreprises publiques",,,,,89375,91116,99427,100775,108169,125108,119994,143717,151051,165344,x1000000
"Consolidated Statement of Financial Position—detailed","État consolidé de la situation financière – détaillé","Financial assets","Actifs financiers","Loans, investments and advances","Prêts, placements et avances","Other loans, investments and advances","Autres prêts, placements et avances",,,,,24306,24841,24579,25596,25743,27394,59284,63314,62059,44458,x1000000
"Consolidated Statement of Financial Position—detailed","État consolidé de la situation financière – détaillé","Financial assets","Actifs financiers","Public sector pension assets","Actifs découlant des régimes de retraite du secteur public",,,,,,,1263,1639,1900,2124,2406,4598,6320,9203,12996,20055,x1000000
"Consolidated Statement of Financial Position—detailed","État consolidé de la situation financière – détaillé","Non-financial assets","Actifs non financiers","Tangible capital assets","Immobilisations corporelles",,,,,,,63347,65838,69676,73835,78942,83682,87583,92785,97337,104552,x1000000
"Consolidated Statement of Financial Position—detailed","État consolidé de la situation financière – détaillé","Non-financial assets","Actifs non financiers",Inventories,Stocks,,,,,,,7250,7221,6842,6679,6601,6171,9764,9026,9405,8214,x1000000
"Consolidated Statement of Financial Position—detailed","État consolidé de la situation financière – détaillé","Non-financial assets","Actifs non financiers","Prepaid expenses and other","Charges payées d'avance et autre",,,,,,,1206,1110,1196,1119,1131,1678,3732,2958,3002,3837,x1000000
"Consolidated Statement of Change in Net Debt—detailed","État consolidé de la variation de la dette nette – détaillé","Net debt at beginning of year—as previously reported","Dette nette au début de l’exercice - telle qu’établi antérieurement",,,,,,,,,-682314,-686959,-693751,-714457,-752887,-772124,-812891,-1149825,-1247307,-1282757,x1000000
"Consolidated Statement of Change in Net Debt—detailed","État consolidé de la variation de la dette nette – détaillé","Accounting changes and restatement","Changements comptables et redressement","Public sector pensions","Régimes de retraite du secteur public",,,,,,,-14119,-16580,-18454,-19641,0,0,0,0,0,0,x1000000
"Consolidated Statement of Change in Net Debt—detailed","État consolidé de la variation de la dette nette – détaillé","Accounting changes and restatement","Changements comptables et redressement","Change in revenue recognition criteria","Changement à la comptabilisation des revenus",,,,,,,0,2826,3596,4844,0,0,0,0,0,0,x1000000
"Consolidated Statement of Change in Net Debt—detailed","État consolidé de la variation de la dette nette – détaillé","Accounting changes and restatement","Changements comptables et redressement","Asset retirement obligations","Obligations liées à la mise hors service d'immobilisations",,,,,,,0,0,0,0,0,0,0,-6328,0,0,x1000000
"Consolidated Statement of Change in Net Debt—detailed","État consolidé de la variation de la dette nette – détaillé","Annual operating deficit","Déficit lié aux activités annuel",,,,,,,,,-550,-2861,-18957,-18961,-13964,-39392,-327729,-90315,-35322,-61876,x1000000
"Consolidated Statement of Change in Net Debt—detailed","État consolidé de la variation de la dette nette – détaillé","Change due to tangible capital assets","Variation due aux immobilisations corporelles","Acquisition of tangible capital assets","Acquisitions d'immobilisations corporelles",,,,,,,-7204,-8015,-8547,-9793,-11134,-10286,-10127,-9588,-10703,-13585,x1000000
"Consolidated Statement of Change in Net Debt—detailed","État consolidé de la variation de la dette nette – détaillé","Change due to tangible capital assets","Variation due aux immobilisations corporelles","Amortization of tangible capital assets","Amortissement des immobilisations corporelles",,,,,,,5090,5049,5168,5261,5643,5790,5969,5514,5644,5633,x1000000
"Consolidated Statement of Change in Net Debt—detailed","État consolidé de la variation de la dette nette – détaillé","Change due to tangible capital assets","Variation due aux immobilisations corporelles","Proceeds from disposal of tangible capital assets","Produits de cession d'immobilisations corporelles",,,,,,,855,610,373,236,433,41,15,28,26,62,x1000000
"Consolidated Statement of Change in Net Debt—detailed","État consolidé de la variation de la dette nette – détaillé","Change due to tangible capital assets","Variation due aux immobilisations corporelles","Net loss (gain) on disposal of tangible capital assets, including adjustments","Perte (gain) net sur cession et la radiation d'immobilisations corporelles, incluant les ajustements",,,,,,,-146,-135,-832,137,-49,-285,242,-207,481,675,x1000000
"Consolidated Statement of Change in Net Debt—detailed","État consolidé de la variation de la dette nette – détaillé","Change due to inventories","Variation due aux stocks",,,,,,,,,66,29,379,163,78,430,-3593,738,-379,1191,x1000000
"Consolidated Statement of Change in Net Debt—detailed","État consolidé de la variation de la dette nette – détaillé","Change due to prepaid expenses and other","Variation due aux charges payées d'avance et autre",,,,,,,,,-31,96,-86,77,-12,-547,-2054,774,-44,-835,x1000000
"Consolidated Statement of Change in Net Debt—detailed","État consolidé de la variation de la dette nette – détaillé","Net remeasurement gains (losses)","Gains (pertes) de réévaluation nets de l'exercice",,,,,,,,,0,0,0,0,0,0,0,0,4847,-1262,x1000000
"Consolidated Statement of Change in Net Debt—detailed","État consolidé de la variation de la dette nette – détaillé","Other comprehensive (loss) income","Autres éléments du résultat global",,,,,,,,,-2360,-2669,1857,-753,-232,3482,343,4465,0,0,x1000000
"Consolidated Statement of Cash Flow—detailed","État consolidé des flux de trésorerie – détaillé","Operating activities","Activités de fonctionnement","Annual operating deficit","Déficit lié aux activités annuel",,,,,,,-550,-2861,-18957,-18961,-13964,-39392,-327729,-90315,-35322,-61876,x1000000
"Consolidated Statement of Cash Flow—detailed","État consolidé des flux de trésorerie – détaillé","Operating activities","Activités de fonctionnement","Annual operating deficit","Déficit lié aux activités annuel","Non-cash items","Éléments sans effet sur la trésorerie","Share of annual loss (profit) in enterprise Crown corporations and other government business enterprises","Quote-part des pertes (bénéfices) annuels des sociétés d'État entreprises et autres entreprises publiques",,,-8365,-7316,-4920,-6959,-5920,-3588,11638,-11535,-3878,660,x1000000
"Consolidated Statement of Cash Flow—detailed","État consolidé des flux de trésorerie – détaillé","Operating activities","Activités de fonctionnement","Annual operating deficit","Déficit lié aux activités annuel","Non-cash items","Éléments sans effet sur la trésorerie","Effective interest on debt","Taux d’intérêt effectif",,,2261,2374,1936,1999,3044,4649,1559,3416,9329,15082,x1000000
"Consolidated Statement of Cash Flow—detailed","État consolidé des flux de trésorerie – détaillé","Operating activities","Activités de fonctionnement","Annual operating deficit","Déficit lié aux activités annuel","Non-cash items","Éléments sans effet sur la trésorerie","Provision for valuation on other loans, investments and advances","Provision pour évaluation des autres prêts, placements et avances",,,1056,1034,869,-109,2080,425,17175,2563,6688,3431,x1000000
"Consolidated Statement of Cash Flow—detailed","État consolidé des flux de trésorerie – détaillé","Operating activities","Activités de fonctionnement","Annual operating deficit","Déficit lié aux activités annuel","Non-cash items","Éléments sans effet sur la trésorerie","Amortization of tangible capital assets","Amortissement des immobilisations corporelles",,,5090,5049,5168,5261,5643,5790,5969,5514,5644,5633,x1000000
"Consolidated Statement of Cash Flow—detailed","État consolidé des flux de trésorerie – détaillé","Operating activities","Activités de fonctionnement","Annual operating deficit","Déficit lié aux activités annuel","Non-cash items","Éléments sans effet sur la trésorerie","Net loss (gain) on disposal of tangible capital assets, including adjustments","(Gain) perte net sur cession et la radiation d'immobilisations corporelles, incluant les ajustements",,,-146,-135,-832,137,-49,-285,242,-207,481,675,x1000000
"Consolidated Statement of Cash Flow—detailed","État consolidé des flux de trésorerie – détaillé","Operating activities","Activités de fonctionnement","Annual operating deficit","Déficit lié aux activités annuel","Non-cash items","Éléments sans effet sur la trésorerie","Net exchange gain (loss) on derivatives","Gain (perte) net de change sur dérivés",,,4343,1722,-627,71,-561,3318,-10142,-2696,6444,-224,x1000000
"Consolidated Statement of Cash Flow—detailed","État consolidé des flux de trésorerie – détaillé","Operating activities","Activités de fonctionnement","Annual operating deficit","Déficit lié aux activités annuel","Non-cash items","Éléments sans effet sur la trésorerie","Pensions and other future benefit and interest expenses","Charges et intérêts au titre des prestations des régimes de retraite et autres avantages futurs",,,21817,26491,25884,29588,25662,28954,35152,32127,33720,32363,x1000000
"Consolidated Statement of Cash Flow—detailed","État consolidé des flux de trésorerie – détaillé","Operating activities","Activités de fonctionnement","Annual operating deficit","Déficit lié aux activités annuel","Non-cash items","Éléments sans effet sur la trésorerie","Provision for doubtful accounts","Provision pour créances douteuses",,,4315,4325,2566,2323,4024,4403,6257,5571,6249,12638,x1000000
"Consolidated Statement of Cash Flow—detailed","État consolidé des flux de trésorerie – détaillé","Operating activities","Activités de fonctionnement","Annual operating deficit","Déficit lié aux activités annuel","Non-cash items","Éléments sans effet sur la trésorerie","Net losses on write-offs and write-down of inventory and prepaid expenses","Pertes nettes sur les radiations et réductions pour moins-value des stocks et charges payées d'avance",,,327,698,370,613,400,307,486,2236,1524,1499,x1000000
"Consolidated Statement of Cash Flow—detailed","État consolidé des flux de trésorerie – détaillé","Operating activities","Activités de fonctionnement","Annual operating deficit","Déficit lié aux activités annuel","Non-cash items","Éléments sans effet sur la trésorerie","Net exchange gain on foreign exchange accounts and other foreign currency balances","Gain (perte) net(te) de change sur des  opérations de change et sur des autres soldes en devises",,,-6653,-2471,214,-771,-589,-5298,7199,3450,-5969,-237,x1000000
"Consolidated Statement of Cash Flow—detailed","État consolidé des flux de trésorerie – détaillé","Operating activities","Activités de fonctionnement","Annual operating deficit","Déficit lié aux activités annuel","Change in taxes receivable","Variation des impôts à recevoir",,,,,-9920,-11182,-7425,-15846,-8292,2198,-26049,-30653,-18162,-30015,x1000000
"Consolidated Statement of Cash Flow—detailed","État consolidé des flux de trésorerie – détaillé","Operating activities","Activités de fonctionnement","Annual operating deficit","Déficit lié aux activités annuel","Pension and other future benefit payments","Paiements effectués au titre des prestations des régimes de retraite et autres avantages futurs",,,,,-15998,-15889,-17492,-19120,-19007,-18816,-18901,-20586,-20510,-22092,x1000000
"Consolidated Statement of Cash Flow—detailed","État consolidé des flux de trésorerie – détaillé","Operating activities","Activités de fonctionnement","Annual operating deficit","Déficit lié aux activités annuel","Net change in foreign exchange accounts assets","Variation des comptes d'opérations de change actifs",,,,,-8860,-15691,-5200,2873,-859,610,5564,-13569,0,0,x1000000
"Consolidated Statement of Cash Flow—detailed","État consolidé des flux de trésorerie – détaillé","Operating activities","Activités de fonctionnement","Annual operating deficit","Déficit lié aux activités annuel","Net change in foreign exchange accounts liabilities","Variation des comptes d'opérations de change passifs",,,,,2114,9493,-394,882,-1400,-682,-1526,-1173,0,0,x1000000
"Consolidated Statement of Cash Flow—detailed","État consolidé des flux de trésorerie – détaillé","Operating activities","Activités de fonctionnement","Annual operating deficit","Déficit lié aux activités annuel","Change in accounts payable and accrued liabilities","Variation des créditeurs et charges à payer",,,,,9858,3488,2824,20849,11908,4126,43564,52641,-3221,4242,x1000000
"Consolidated Statement of Cash Flow—detailed","État consolidé des flux de trésorerie – détaillé","Operating activities","Activités de fonctionnement","Annual operating deficit","Déficit lié aux activités annuel","Net change in cash collateral","Variation nette des liquidités données en nantissement",,,,,0,-6557,-349,-1841,1622,-2825,9286,1802,-2623,-249,x1000000
"Consolidated Statement of Cash Flow—detailed","État consolidé des flux de trésorerie – détaillé","Operating activities","Activités de fonctionnement","Annual operating deficit","Déficit lié aux activités annuel","Net change in other accounts","Variation nette des autres comptes",,,,,-824,-3068,-720,-516,1118,1036,-9517,-3340,-4577,-7130,x1000000
"Consolidated Statement of Cash Flow—detailed","État consolidé des flux de trésorerie – détaillé","Capital investment activities","Activités d’investissement en immobilisation","Acquisition of tangible capital assets","Acquisitions d'immobilisations corporelles",,,,,,,-6804,-7379,-7834,-9220,-10010,-9598,-10030,-8886,-10891,-13560,x1000000
"Consolidated Statement of Cash Flow—detailed","État consolidé des flux de trésorerie – détaillé","Capital investment activities","Activités d’investissement en immobilisation","Proceeds from disposal of tangible capital assets","Produits de cession d'immobilisations corporelles",,,,,,,855,610,373,236,433,41,15,28,26,62,x1000000
"Consolidated Statement of Cash Flow—detailed","État consolidé des flux de trésorerie – détaillé","Investing activities","Activités d’investissement","Enterprise Crown corporations and other government business enterprises","Sociétés d'État entreprises et autres entreprises publiques","Dividends received and other equity adjustments","Dividendes reçus et autres opérations portant sur les capitaux propres",,,,,3514,4975,2195,7993,6302,1992,-13989,13187,11505,1515,x1000000
"Consolidated Statement of Cash Flow—detailed","État consolidé des flux de trésorerie – détaillé","Investing activities","Activités d’investissement","Enterprise Crown corporations and other government business enterprises","Sociétés d'État entreprises et autres entreprises publiques","Purchases of other investments","Achats d'autres placements",,,,,0,0,0,0,0,0,0,0,0,-7569,x1000000
"Consolidated Statement of Cash Flow—detailed","État consolidé des flux de trésorerie – détaillé","Investing activities","Activités d’investissement","Enterprise Crown corporations and other government business enterprises","Sociétés d'État entreprises et autres entreprises publiques","Issuance of loans and advances","Émission de prêts et avances",,,,,-79905,-54542,-52213,-42756,-48889,-54334,-48985,-67331,-63334,-65098,x1000000
"Consolidated Statement of Cash Flow—detailed","État consolidé des flux de trésorerie – détaillé","Investing activities","Activités d’investissement","Enterprise Crown corporations and other government business enterprises","Sociétés d'État entreprises et autres entreprises publiques","Repayment of loans and advances","Remboursement de prêts et avances",,,,,88168,52699,48703,39884,41086,42648,47837,54205,52058,57332,x1000000
"Consolidated Statement of Cash Flow—detailed","État consolidé des flux de trésorerie – détaillé","Investing activities","Activités d’investissement","Issuance of other loans, investments and advances and foreign exchange accounts loans","Émission d'autres prêts, placements et avances  et prêts  des comptes d’opérations de change",,,,,,,-7481,-7601,-5978,-7483,-7446,-8158,-54548,-14316,-13773,-12971,x1000000
"Consolidated Statement of Cash Flow—detailed","État consolidé des flux de trésorerie – détaillé","Investing activities","Activités d’investissement","Repayment of other loans, investments and advances and  foreign exchange accounts loans","Remboursement d'autres prêts, placements et avances et prêts des comptes d’opérations de change",,,,,,,4991,5383,4708,3120,4555,4699,5010,7693,8737,26999,x1000000
"Consolidated Statement of Cash Flow—detailed","État consolidé des flux de trésorerie – détaillé","Investing activities","Activités d’investissement","Issuance of advances to the Exchange Fund Account","Émission d'avances au Compte du fonds des changes",,,,,,,0,0,0,0,0,0,0,0,-47464,-41234,x1000000
"Consolidated Statement of Cash Flow—detailed","État consolidé des flux de trésorerie – détaillé","Investing activities","Activités d’investissement","Repayment of advances to the Exchange Fund Account","Remboursement d'avances du Compte du fonds des changes",,,,,,,0,0,0,0,0,0,0,0,33331,30548,x1000000
"Consolidated Statement of Cash Flow—detailed","État consolidé des flux de trésorerie – détaillé","Financing activities","Activités de financement","Issuance of Canadian currency borrowings","Émission d'emprunts en monnaie canadienne",,,,,,,468021,452850,507483,441307,437135,468722,1048574,710292,587867,773261,x1000000
"Consolidated Statement of Cash Flow—detailed","État consolidé des flux de trésorerie – détaillé","Financing activities","Activités de financement","Repayment of Canadian currency borrowings","Remboursement d'emprunts en monnaie canadienne",,,,,,,-471891,-435143,-477549,-433801,-424926,-430279,-698130,-592308,-584412,-681572,x1000000
"Consolidated Statement of Cash Flow—detailed","État consolidé des flux de trésorerie – détaillé","Financing activities","Activités de financement","Issuance of foreign currency borrowings","Émission d'emprunts en devises",,,,,,,16961,26817,21702,15847,19631,17821,34185,31377,23825,24573,x1000000
"Consolidated Statement of Cash Flow—detailed","État consolidé des flux de trésorerie – détaillé","Financing activities","Activités de financement","Repayment of foreign currency borrowings","Remboursement d'emprunts en devises",,,,,,,-12724,-24602,-26575,-17458,-19738,-18877,-33307,-32466,-23900,-18195,x1000000
"Consolidated Statement of Cash Flow—detailed",,"Financing activities","Activités de financement","Receipt of Canadian currency under swap contracts","Rentrée en monnaie canadienne sur les swaps de devises",,,,,,,0,0,0,0,0,0,0,0,7324,9808,x1000000
"Consolidated Statement of Cash Flow—detailed",,"Financing activities","Activités de financement","Payment of Canadian currency under swap contracts","Paiement en monnaie canadienne sur les swaps de devises",,,,,,,0,0,0,0,0,0,0,0,-22893,-17603,x1000000
"Consolidated Statement of Cash Flow—detailed","État consolidé des flux de trésorerie – détaillé","Financing activities","Activités de financement","Receipt of foreign currency under swap contracts","Rentrée (paiement) nette en monnaie canadienne sur les swaps de devises",,,,,,,0,0,0,0,0,0,0,0,22879,17603,x1000000
"Consolidated Statement of Cash Flow—detailed","État consolidé des flux de trésorerie – détaillé","Financing activities","Activités de financement","Payment of foreign currency under swap contracts","Rentrée (paiement) nette en devises sur les swaps de devises",,,,,,,0,0,0,0,0,0,0,0,-8348,-10896,x1000000
"Consolidated Statement of Cash Flow—detailed","État consolidé des flux de trésorerie – détaillé","Cash and cash equivalents at beginning of year","Trésorerie et équivalents de trésorerie au début de l’exercice",,,,,,,,,31429,34999,38570,36500,34642,37635,37242,64101,100822,49006,x1000000
"Consolidated Statement of Non-Budgetary Transactions and of Non-Financial Assets—detailed","État consolidé des opérations non budgétaires et des actifs non financiers – détaillé","Loans, investments and advances","Prêts, placements et avances","Enterprise Crown corporations and other government business enterprises","Sociétés d'État entreprises et autres entreprises publiques","Loans and advances","Prêts et avances","Canada Mortgage and Housing Corporation","Société canadienne d'hypothèques et de logement",,,10465,177,720,1124,592,-6282,-907,-2024,-2510,-2310,x1000000
"Consolidated Statement of Non-Budgetary Transactions and of Non-Financial Assets—detailed","État consolidé des opérations non budgétaires et des actifs non financiers – détaillé","Loans, investments and advances","Prêts, placements et avances","Enterprise Crown corporations and other government business enterprises","Sociétés d'État entreprises et autres entreprises publiques","Loans and advances","Prêts et avances","Business Development Bank of Canada","Banque de développement du Canada",,,-1356,-1266,-1869,-1659,-1765,-1170,5179,-1848,-6793,-2626,x1000000
"Consolidated Statement of Non-Budgetary Transactions and of Non-Financial Assets—detailed","État consolidé des opérations non budgétaires et des actifs non financiers – détaillé","Loans, investments and advances","Prêts, placements et avances","Enterprise Crown corporations and other government business enterprises","Sociétés d'État entreprises et autres entreprises publiques","Loans and advances","Prêts et avances","Farm Credit Canada","Financement agricole Canada",,,-658,-748,-2245,-2318,-1850,-2794,-1699,-3106,-2821,-2829,x1000000
"Consolidated Statement of Non-Budgetary Transactions and of Non-Financial Assets—detailed","État consolidé des opérations non budgétaires et des actifs non financiers – détaillé","Loans, investments and advances","Prêts, placements et avances","Enterprise Crown corporations and other government business enterprises","Sociétés d'État entreprises et autres entreprises publiques","Loans and advances","Prêts et avances","Canadian Development Investment Corporation","Corporation de développement des investissements du Canada",,,0,0,0,0,-4790,-1465,-3725,-6290,138,-764,x1000000
"Consolidated Statement of Non-Budgetary Transactions and of Non-Financial Assets—detailed","État consolidé des opérations non budgétaires et des actifs non financiers – détaillé","Loans, investments and advances","Prêts, placements et avances","Enterprise Crown corporations and other government business enterprises","Sociétés d'État entreprises et autres entreprises publiques","Loans and advances","Prêts et avances",Other,Autres,,,-167,-11,-117,-18,9,17,-12,154,-26,-2,x1000000
"Consolidated Statement of Non-Budgetary Transactions and of Non-Financial Assets—detailed","État consolidé des opérations non budgétaires et des actifs non financiers – détaillé","Loans, investments and advances","Prêts, placements et avances","Enterprise Crown corporations and other government business enterprises","Sociétés d'État entreprises et autres entreprises publiques",Investments,Placements,"Share of annual loss (profit)","Quote-part des pertes (bénéfices) annuels",,,-8365,-7316,-4920,-6959,-5920,-3588,11638,-11535,-3878,660,x1000000
"Consolidated Statement of Non-Budgetary Transactions and of Non-Financial Assets—detailed","État consolidé des opérations non budgétaires et des actifs non financiers – détaillé","Loans, investments and advances","Prêts, placements et avances","Enterprise Crown corporations and other government business enterprises","Sociétés d'État entreprises et autres entreprises publiques",Investments,Placements,"Other comprehensive (income) loss","Autres éléments du résultat global",,,2360,2669,-1857,753,232,-3482,-343,-4465,-1628,221,x1000000
"Consolidated Statement of Non-Budgetary Transactions and of Non-Financial Assets—detailed","État consolidé des opérations non budgétaires et des actifs non financiers – détaillé","Loans, investments and advances","Prêts, placements et avances","Enterprise Crown corporations and other government business enterprises","Sociétés d'État entreprises et autres entreprises publiques",Investments,Placements,Dividends,Dividendes,,,2341,4002,2320,8058,6427,3618,13592,6050,1695,1423,x1000000
"Consolidated Statement of Non-Budgetary Transactions and of Non-Financial Assets—detailed","État consolidé des opérations non budgétaires et des actifs non financiers – détaillé","Loans, investments and advances","Prêts, placements et avances","Enterprise Crown corporations and other government business enterprises","Sociétés d'État entreprises et autres entreprises publiques",Investments,Placements,Capital,"Capitaux propres",,,1030,973,-125,-65,-125,-1816,-18470,-435,8717,-290,x1000000
"Consolidated Statement of Non-Budgetary Transactions and of Non-Financial Assets—detailed","État consolidé des opérations non budgétaires et des actifs non financiers – détaillé","Loans, investments and advances","Prêts, placements et avances","Enterprise Crown corporations and other government business enterprises","Sociétés d'État entreprises et autres entreprises publiques",Investments,Placements,"Equity adjustments and other","Ajustement de transition et autres",,,143,0,0,0,0,190,-24,2,-27,-13,x1000000
"Consolidated Statement of Non-Budgetary Transactions and of Non-Financial Assets—detailed","État consolidé des opérations non budgétaires et des actifs non financiers – détaillé","Loans, investments and advances","Prêts, placements et avances","Enterprise Crown corporations and other government business enterprises","Sociétés d'État entreprises et autres entreprises publiques",Investments,Placements,"Canada Mortgage Bonds","Obligations hypothécaires du Canada",,,0,0,0,0,0,0,0,0,0,-7580,x1000000
"Consolidated Statement of Non-Budgetary Transactions and of Non-Financial Assets—detailed","État consolidé des opérations non budgétaires et des actifs non financiers – détaillé","Loans, investments and advances","Prêts, placements et avances","Enterprise Crown corporations and other government business enterprises","Sociétés d'État entreprises et autres entreprises publiques","Loans expected to be repaid from future appropriations","Prêts que l'on prévoit recouvrer au moyen de crédits ultérieurs",,,,,353,221,218,264,204,167,115,225,201,183,x1000000
"Consolidated Statement of Non-Budgetary Transactions and of Non-Financial Assets—detailed","État consolidé des opérations non budgétaires et des actifs non financiers – détaillé","Loans, investments and advances","Prêts, placements et avances","Other loans, investments and advances","Autres prêts, placements et avances","Portfolio investments","Placements de portefeuille",,,,,119,351,286,1235,-616,-385,-165,390,-166,-247,x1000000
"Consolidated Statement of Non-Budgetary Transactions and of Non-Financial Assets—detailed","État consolidé des opérations non budgétaires et des actifs non financiers – détaillé","Loans, investments and advances","Prêts, placements et avances","Other loans, investments and advances","Autres prêts, placements et avances","Capital subscriptions - International organizations","Souscriptions au capital - organisations internationales",,,,,0,0,0,-257,257,0,0,0,0,0,x1000000
"Consolidated Statement of Non-Budgetary Transactions and of Non-Financial Assets—detailed","État consolidé des opérations non budgétaires et des actifs non financiers – détaillé","Loans, investments and advances","Prêts, placements et avances","Other loans, investments and advances","Autres prêts, placements et avances","Loans and advances","Prêts et avances","Canada Emergency Business Account","Compte d’urgence pour les entreprises canadiennes",,,0,0,0,0,0,0,-28789,344,3864,21016,x1000000
"Consolidated Statement of Non-Budgetary Transactions and of Non-Financial Assets—detailed","État consolidé des opérations non budgétaires et des actifs non financiers – détaillé","Loans, investments and advances","Prêts, placements et avances","Other loans, investments and advances","Autres prêts, placements et avances","Loans and advances","Prêts et avances","Canada Student Loans and Canada Apprentice Loans","Prêts canadiens aux étudiants et prêts canadiens  aux apprentis",,,-1021,-694,-504,-913,-1156,-637,-1120,-115,-510,1683,x1000000
"Consolidated Statement of Non-Budgetary Transactions and of Non-Financial Assets—detailed","État consolidé des opérations non budgétaires et des actifs non financiers – détaillé","Loans, investments and advances","Prêts, placements et avances","Other loans, investments and advances","Autres prêts, placements et avances","Loans and advances","Prêts et avances","Unconditionally repayable contributions","Contributions remboursables sans condition",,,-170,-1177,47,-139,-147,-389,-1619,-1098,-948,-622,x1000000
"Consolidated Statement of Non-Budgetary Transactions and of Non-Financial Assets—detailed","État consolidé des opérations non budgétaires et des actifs non financiers – détaillé","Loans, investments and advances","Prêts, placements et avances","Other loans, investments and advances","Autres prêts, placements et avances","Loans and advances","Prêts et avances","Other loans and advances","Autres prêts et avances",,,-414,985,433,-943,1515,-240,-197,-3550,-984,-4229,x1000000
"Consolidated Statement of Non-Budgetary Transactions and of Non-Financial Assets—detailed","État consolidé des opérations non budgétaires et des actifs non financiers – détaillé","Pensions and other future benefits","Régimes de retraite et autres avantages futurs","Public sector pensions","Régimes de retraite du secteur public",,,,,,,1638,1061,505,-757,-2414,-2378,-1557,-3979,-5034,-8130,x1000000
"Consolidated Statement of Non-Budgetary Transactions and of Non-Financial Assets—detailed","État consolidé des opérations non budgétaires et des actifs non financiers – détaillé","Pensions and other future benefits","Régimes de retraite et autres avantages futurs","Other employee and veteran future benefits","Autres avantages futurs des employés et des anciens combattants",,,,,,,4181,9541,7887,11225,9069,12516,17808,15519,18244,18401,x1000000
"Consolidated Statement of Non-Budgetary Transactions and of Non-Financial Assets—detailed","État consolidé des opérations non budgétaires et des actifs non financiers – détaillé","Other liabilities","Autres passifs","Canada Pension Plan Account","Compte du Régime de pensions du Canada",,,,,,,72,-177,71,-74,131,115,-139,-38,204,-146,x1000000
"Consolidated Statement of Non-Budgetary Transactions and of Non-Financial Assets—detailed","État consolidé des opérations non budgétaires et des actifs non financiers – détaillé","Other liabilities","Autres passifs","Other liabilities","Autres passifs",,,,,,,16,-223,16,55,104,31,800,1034,-573,-230,x1000000
"Consolidated Statement of Non-Budgetary Transactions and of Non-Financial Assets—detailed","État consolidé des opérations non budgétaires et des actifs non financiers – détaillé","Non-financial assets","Actifs non financiers","Tangible capital assets","Immobilisations corporelles",,,,,,,-1405,-2491,-3838,-4159,-5107,-4740,-3901,-5202,-4552,-7214,x1000000
"Consolidated Statement of Non-Budgetary Transactions and of Non-Financial Assets—detailed","État consolidé des opérations non budgétaires et des actifs non financiers – détaillé","Non-financial assets","Actifs non financiers",Inventories,Stocks,,,,,,,66,29,379,163,78,430,-3593,738,-379,1191,x1000000
"Consolidated Statement of Non-Budgetary Transactions and of Non-Financial Assets—detailed","État consolidé des opérations non budgétaires et des actifs non financiers – détaillé","Non-financial assets","Actifs non financiers","Prepaid expenses","Charges payées d'avance",,,,,,,-31,96,-86,77,-12,-547,-2054,774,-44,-835,x1000000
"Consolidated Statement of Non-Budgetary Transactions and of Non-Financial Assets—detailed","État consolidé des opérations non budgétaires et des actifs non financiers – détaillé","Other transactions","Autres opérations","Taxes receivable","Impôts à recevoir",,,,,,,-6010,-7349,-4666,-12521,-4526,6463,-20925,-25565,-13394,-22063,x1000000
"Consolidated Statement of Non-Budgetary Transactions and of Non-Financial Assets—detailed","État consolidé des opérations non budgétaires et des actifs non financiers – détaillé","Other transactions","Autres opérations","Other accounts receivable","Autres créances",,,,,,,675,-7108,-177,-4064,2535,-3530,-2697,6430,-1890,-467,x1000000
"Consolidated Statement of Non-Budgetary Transactions and of Non-Financial Assets—detailed","État consolidé des opérations non budgétaires et des actifs non financiers – détaillé","Other transactions","Autres opérations","Derivative assets","Actifs dérivés",,,,,,,-402,406,-885,670,-73,242,-2257,-1907,1714,332,x1000000
"Consolidated Statement of Non-Budgetary Transactions and of Non-Financial Assets—detailed","État consolidé des opérations non budgétaires et des actifs non financiers – détaillé","Other transactions","Autres opérations","Provincial, Territorial and Indigenous Tax Agreements Account","Compte relatif aux conventions fiscales provinciales, territoriales et autochtones",,,,,,,951,2780,-1942,5034,-351,-4710,7691,16140,-20942,11285,x1000000
"Consolidated Statement of Non-Budgetary Transactions and of Non-Financial Assets—detailed","État consolidé des opérations non budgétaires et des actifs non financiers – détaillé","Other transactions","Autres opérations","Amounts payable related to tax","Créditeurs fiscaux",,,,,,,3598,-2501,1380,6799,3324,-5014,11330,6947,6285,2990,x1000000
"Consolidated Statement of Non-Budgetary Transactions and of Non-Financial Assets—detailed","État consolidé des opérations non budgétaires et des actifs non financiers – détaillé","Other transactions","Autres opérations","Derivative liabilities","Passifs dérivés",,,,,,,4536,1516,187,-633,-521,3066,-8086,-774,2218,-558,x1000000
"Consolidated Statement of Non-Budgetary Transactions and of Non-Financial Assets—detailed","État consolidé des opérations non budgétaires et des actifs non financiers – détaillé","Other transactions","Autres opérations","Other liabilities","Autres passifs",,,,,,,5661,3262,3607,8941,8888,13863,24419,35845,11568,-9659,x1000000
"Consolidated Statement of Foreign Exchange, Unmatured Debt and Cash Transactions—detailed","État consolidé des opérations de change, de la dette non échue et des opérations en espèces – détaillé","Foreign exchange accounts Assets","Comptes d'opérations de change","International reserves held in the Exchange Fund Account","Réserves de liquidités internationales détenues dans le Compte du fonds des changes",,,,,,,-14596,-9418,-5289,1238,-1770,-4817,14427,-29510,-21767,-10549,x1000000
"Consolidated Statement of Foreign Exchange, Unmatured Debt and Cash Transactions—detailed","État consolidé des opérations de change, de la dette non échue et des opérations en espèces – détaillé","Foreign exchange accounts Assets","Comptes d'opérations de change","International Monetary Fund—Subscriptions","Fonds monétaire international - Souscriptions",,,,,,,-246,-9041,278,-755,198,-729,1546,581,-992,286,x1000000
"Consolidated Statement of Foreign Exchange, Unmatured Debt and Cash Transactions—detailed","État consolidé des opérations de change, de la dette non échue et des opérations en espèces – détaillé","Foreign exchange accounts Assets","Comptes d'opérations de change","International Monetary Fund—Loans","Fonds monétaire international - Prêts",,,,,,,312,75,153,350,229,178,171,65,65,67,x1000000
"Consolidated Statement of Foreign Exchange, Unmatured Debt and Cash Transactions—detailed","État consolidé des opérations de change, de la dette non échue et des opérations en espèces – détaillé","Foreign exchange accounts Assets","Comptes d'opérations de change","International Monetary Fund—Poverty Reduction and Growth Trust","Fonds monétaire international - Fonds fiduciaire pour  la réduction de la pauvreté et pour la croissance",,,,,,,0,0,0,0,0,0,0,0,0,-494,x1000000
"Consolidated Statement of Foreign Exchange, Unmatured Debt and Cash Transactions—detailed","État consolidé des opérations de change, de la dette non échue et des opérations en espèces – détaillé","Foreign exchange accounts Assets","Comptes d'opérations de change","International Monetary Fund—Loans","Fonds fiduciaire pour la résilience et la durabilité","Resilience  and Sustainability Trust",,,,,,0,0,0,0,0,0,0,0,-414,-60,x1000000
"Consolidated Statement of Foreign Exchange, Unmatured Debt and Cash Transactions—detailed","État consolidé des opérations de change, de la dette non échue et des opérations en espèces – détaillé","Foreign exchange accounts Liabilities","Comptes d'opérations de change","International Monetary Fund","Fonds monétaire international","Special drawing rights allocations","Allocations de droits de tirages spéciaux",,,,,-231,-493,150,-409,107,-396,840,-17945,-1489,430,x1000000
"Consolidated Statement of Foreign Exchange, Unmatured Debt and Cash Transactions—detailed","État consolidé des opérations de change, de la dette non échue et des opérations en espèces – détaillé","Foreign exchange accounts Liabilities","Comptes d'opérations de change","International Monetary Fund","Fonds monétaire international","Notes payable","Effets à payer",,,,,-1543,-9370,250,-617,1300,243,3023,490,-411,-385,x1000000
"Consolidated Statement of Foreign Exchange, Unmatured Debt and Cash Transactions—detailed","État consolidé des opérations de change, de la dette non échue et des opérations en espèces – détaillé","Unmatured debt","Dette non échue","Payable in Canadian currency","Payable en monnaie canadienne","Marketable bonds","Obligations négociables",,,,,15428,16553,32366,37119,-6373,27511,285498,154103,1757,42689,x1000000
"Consolidated Statement of Foreign Exchange, Unmatured Debt and Cash Transactions—detailed","État consolidé des opérations de change, de la dette non échue et des opérations en espèces – détaillé","Unmatured debt","Dette non échue","Payable in Canadian currency","Payable en monnaie canadienne","Treasury bills","Bons du Trésor",,,,,-17169,2533,-1430,-26200,23291,17730,67379,-31787,12022,64084,x1000000
"Consolidated Statement of Foreign Exchange, Unmatured Debt and Cash Transactions—detailed","État consolidé des opérations de change, de la dette non échue et des opérations en espèces – détaillé","Unmatured debt","Dette non échue","Payable in Canadian currency","Payable en monnaie canadienne","Retail debt","Titres au détail",,,,,-667,-584,-543,-1947,-1349,-740,-198,-299,0,0,x1000000
"Consolidated Statement of Foreign Exchange, Unmatured Debt and Cash Transactions—detailed","État consolidé des opérations de change, de la dette non échue et des opérations en espèces – détaillé","Unmatured debt","Dette non échue","Payable in foreign currencies","Payable en devises",,,,,,,4211,2221,-4872,-1537,-21,-86,-513,-996,1561,5212,x1000000
"Consolidated Statement of Foreign Exchange, Unmatured Debt and Cash Transactions—detailed","État consolidé des opérations de change, de la dette non échue et des opérations en espèces – détaillé","Unmatured debt","Dette non échue","Obligation related to capital leases","Obligation découlant de contrats de location-acquisition",,,,,,,107,-233,-251,-23,-310,20,-205,78,-240,-180,x1000000
"Consolidated Statement of Foreign Exchange, Unmatured Debt and Cash Transactions—detailed","État consolidé des opérations de change, de la dette non échue et des opérations en espèces – détaillé","Unmatured debt","Dette non échue","Obligation under public-private partnership","Obligation en vertu des partenariats public-privé",,,,,,,-174,565,629,194,1118,-921,-59,50,-17,-23,x1000000
"Consolidated Statement of Foreign Exchange, Unmatured Debt and Cash Transactions—detailed","État consolidé des opérations de change, de la dette non échue et des opérations en espèces – détaillé","Cash and cash equivalents at end of year","Trésorerie et équivalents de trésorerie à la fin de l'exercice","In Canadian currency","En monnaie canadienne",,,,,,,34716,36022,35353,34110,36840,36400,63685,100166,47891,73809,x1000000
"Consolidated Statement of Foreign Exchange, Unmatured Debt and Cash Transactions—detailed","État consolidé des opérations de change, de la dette non échue et des opérations en espèces – détaillé","Cash and cash equivalents at end of year","Trésorerie et équivalents de trésorerie à la fin de l'exercice","In foreign currencies","En devises",,,,,,,283,2548,1147,532,795,842,416,656,1115,1250,x1000000