Fscl-yr_Ex-fin,Min-portfolio_Portefeuille-min_eng,Min-portfolio_Portefeuille-min_fra,Dept-name_Nom-min_eng,Dept-name_Nom-min_fra,Std-obj1_Art-crnt1,Std-obj2_Art-crnt2,Std-obj3_Art-crnt3,Std-obj4_Art-crnt4,Std-obj5_Art-crnt5,Std-obj6_Art-crnt6,Std-obj7_Art-crnt7,Std-obj8_Art-crnt8,Std-obj9_Art-crnt9,Std-obj10_Art-crnt10,Std-obj11_Art-crnt11,Std-obj12_Art-crnt12,External-revenues_Revenus-externes,Internal-revenues_Revenus-internes,Amt-units_Mnt-unite
2024/2025,"Agriculture and Agri-Food","Agriculture et Agroalimentaire","Department of Agriculture and Agri-Food","Ministère de l'Agriculture et de l'Agroalimentaire",635072,9487,11770,115016,11840,14547,35807,39794,34678,3158421,0,15508,29928,21511,x1000
2024/2025,"Agriculture and Agri-Food","Agriculture et Agroalimentaire","Canadian Dairy Commission","Commission canadienne du lait",0,0,0,0,0,0,0,0,0,0,0,5149,0,0,x1000
2024/2025,"Agriculture and Agri-Food","Agriculture et Agroalimentaire","Canadian Grain Commission","Commission canadienne des grains",56761,2755,227,3096,6005,3930,1184,0,2611,0,0,-85,59214,385,x1000
2024/2025,"Canadian Heritage <sup>4</sup>","Patrimoine canadien <sup>4</sup>","Department of Canadian Heritage","Ministère du Patrimoine canadien",243058,3594,2834,30926,5990,1602,1444,0,2022,1859295,0,632,7372,3375,x1000
2024/2025,"Canadian Heritage <sup>4</sup>","Patrimoine canadien <sup>4</sup>","Canada Council for the Arts","Conseil des Arts du Canada",0,0,0,0,0,0,0,0,0,0,0,364283,0,0,x1000
2024/2025,"Canadian Heritage <sup>4</sup>","Patrimoine canadien <sup>4</sup>","Canadian Broadcasting Corporation","Société Radio-Canada",0,0,0,0,0,0,0,0,0,0,0,1425238,0,0,x1000
2024/2025,"Canadian Heritage <sup>4</sup>","Patrimoine canadien <sup>4</sup>","Canadian Museum for Human Rights","Musée canadien des droits de la personne",0,0,0,0,0,0,0,0,0,0,0,28590,0,0,x1000
2024/2025,"Canadian Heritage <sup>4</sup>","Patrimoine canadien <sup>4</sup>","Canadian Museum of History","Musée canadien de l'histoire",0,0,0,0,0,0,0,0,0,0,0,83227,0,0,x1000
2024/2025,"Canadian Heritage <sup>4</sup>","Patrimoine canadien <sup>4</sup>","Canadian Museum of Immigration at Pier 21","Musée canadien de l'immigration du Quai 21",0,0,0,0,0,0,0,0,0,0,0,10024,0,0,x1000
2024/2025,"Canadian Heritage <sup>4</sup>","Patrimoine canadien <sup>4</sup>","Canadian Museum of Nature","Musée canadien de la nature",0,0,0,0,0,0,0,0,0,0,0,36378,0,0,x1000
2024/2025,"Canadian Heritage <sup>4</sup>","Patrimoine canadien <sup>4</sup>","Canadian Race Relations Foundation","Fondation canadienne des relations raciales",0,0,0,0,0,0,0,0,0,0,0,12092,0,0,x1000
2024/2025,"Canadian Heritage <sup>4</sup>","Patrimoine canadien <sup>4</sup>","Canadian Radio-television and Telecommunications Commission","Conseil de la radiodiffusion et des télécommunications canadiennes",95023,1090,2510,4006,2211,2052,202,0,2544,0,0,123,88492,0,x1000
2024/2025,"Canadian Heritage <sup>4</sup>","Patrimoine canadien <sup>4</sup>","Library and Archives of Canada","Bibliothèque et Archives du Canada",129506,583,277,16611,5667,976,3123,40778,1744,2656,5365,6248,127,1034,x1000
2024/2025,"Canadian Heritage <sup>4</sup>","Patrimoine canadien <sup>4</sup>","National Arts Centre Corporation","Société du Centre national des Arts",0,0,0,0,0,0,0,0,0,0,0,59525,0,0,x1000
2024/2025,"Canadian Heritage <sup>4</sup>","Patrimoine canadien <sup>4</sup>","National Film Board","Office national du film",54089,2359,2499,12986,11438,357,295,0,2181,0,0,46,3775,0,x1000
2024/2025,"Canadian Heritage <sup>4</sup>","Patrimoine canadien <sup>4</sup>","National Gallery of Canada","Musée des beaux-arts du Canada",0,0,0,0,0,0,0,0,0,0,0,50021,0,0,x1000
2024/2025,"Canadian Heritage <sup>4</sup>","Patrimoine canadien <sup>4</sup>","National Museum of Science and Technology","Musée national des sciences et de la technologie",0,0,0,0,0,0,0,0,0,0,0,38441,0,0,x1000
2024/2025,"Canadian Heritage <sup>4</sup>","Patrimoine canadien <sup>4</sup>","Telefilm Canada","Téléfilm Canada",0,0,0,0,0,0,0,0,0,0,0,158302,0,0,x1000
2024/2025,"Canadian Heritage <sup>4</sup>","Patrimoine canadien <sup>4</sup>","The National Battlefields Commission","Commission des champs de bataille nationaux",6232,186,734,2912,216,2070,1089,1431,1109,0,0,2949,0,0,x1000
2024/2025,"Crown-Indigenous Relations and Northern Affairs","Relations Couronne-Autochtones et Affaires du Nord","Department of Crown-Indigenous Relations and Northern Affairs","Ministère des Relations Couronne-Autochtones et des Affaires du Nord",246830,7480,1277,698524,3219,336,818,0,549,11906281,0,1393205,0,8868,x1000
2024/2025,"Crown-Indigenous Relations and Northern Affairs","Relations Couronne-Autochtones et Affaires du Nord","Canadian High Arctic Research Station","Station canadienne de recherche dans l'Extrême-Arctique",14124,2339,287,3832,1543,3242,2389,94,358,8075,0,184,0,0,x1000
2024/2025,"Democratic Institutions","Institutions démocratiques","Leaders' Debates Commission","Commission des débats des chefs",466,11,18,170,1,0,0,0,2,0,0,1,0,0,x1000
2024/2025,"Democratic Institutions","Institutions démocratiques","Office of the Chief Electoral Officer","Bureau du directeur général des élections",179993,11288,5179,70058,35503,1215,1289,0,5881,2064,0,810,0,0,x1000
2024/2025,"Democratic Institutions","Institutions démocratiques","Secretariat of the National Security and Intelligence Committee of Parliamentarians","Secrétariat du Comité des parlementaires sur la sécurité nationale et le renseignement",1769,48,47,1090,101,6,9,0,23,0,0,0,0,0,x1000
2024/2025,"Employment and Workforce Development","Emploi et Développement de la main-d'œuvre","Department of Employment and Social Development","Ministère de l'Emploi et du Développement social",4011256,102574,87330,998534,304633,3745,6489,0,40079,96228763,0,-87089,560049,2228645,x1000
2024/2025,"Employment and Workforce Development","Emploi et Développement de la main-d'œuvre","Canadian Accessibility Standards Development Organization","Organisation canadienne d'élaboration de normes d'accessibilité",7724,130,386,4256,275,29,6,25,41,8499,0,8,0,0,x1000
2024/2025,"Employment and Workforce Development","Emploi et Développement de la main-d'œuvre","Canadian Centre for Occupational Health and Safety","Centre canadien d'hygiène et de sécurité au travail",12587,408,59,909,754,18,107,0,37,0,0,0,0,0,x1000
2024/2025,"Energy and Natural Resources","Énergie et Ressources naturelles","Department of Natural Resources","Ministère des Ressources naturelles",741296,18597,25477,169525,22206,5263,29690,16280,50744,3352477,0,9855,16192,5589,x1000
2024/2025,"Energy and Natural Resources","Énergie et Ressources naturelles","Atomic Energy of Canada Limited","Énergie atomique du Canada, Limitée",0,0,0,0,0,0,0,0,0,0,0,1433600,0,0,x1000
2024/2025,"Energy and Natural Resources","Énergie et Ressources naturelles","Canadian Energy Regulator","Régie canadienne de l'énergie",104961,2513,332,10509,2064,459,446,113,2406,7109,0,51,0,0,x1000
2024/2025,"Energy and Natural Resources","Énergie et Ressources naturelles","Canadian Nuclear Safety Commission","Commission canadienne de sûreté nucléaire",163214,5355,849,18296,2641,2048,543,0,3649,5674,0,173,0,0,x1000
2024/2025,"Energy and Natural Resources","Énergie et Ressources naturelles","Northern Pipeline Agency","Administration du pipe-line du Nord",32,0,0,368,0,0,0,0,0,0,0,0,0,0,x1000
2024/2025,"Environment and Climate Change","Environnement et Changement climatique","Department of the Environment","Ministère de l'Environnement",1082792,37761,15687,208367,44336,23373,38964,4101,47105,1534722,198,6410,53602,24445,x1000
2024/2025,"Environment and Climate Change","Environnement et Changement climatique","Canada Water Agency","Agence canadienne de l'eau",14560,412,109,3059,199,20,125,0,380,24330,0,25,0,0,x1000
2024/2025,"Environment and Climate Change","Environnement et Changement climatique","Impact Assessment Agency of Canada","Agence canadienne d'évaluation d'impact",69859,1417,368,10177,106,65,123,0,1410,21254,0,97,89,0,x1000
2024/2025,Finance,Finances,"Department of Finance","Ministère des Finances",140414,2006,2714,14970,2399,466,80727,0,739,92618229,47995145,2402038,0,0,x1000
2024/2025,Finance,Finances,"Financial Consumer Agency of Canada","Agence de la consommation en matière financière du Canada",38028,409,4655,7275,3690,16,82,0,692,0,0,421,0,0,x1000
2024/2025,Finance,Finances,"Financial Transactions and Reports Analysis Centre of Canada","Centre d'analyse des opérations et déclarations financières du Canada",73247,1383,496,11147,8973,1052,193,0,4872,0,12,64,0,0,x1000
2024/2025,Finance,Finances,"Office of the Auditor General","Bureau du vérificateur général",117956,1905,682,8290,2274,151,149,0,1625,0,0,38,667,0,x1000
2024/2025,Finance,Finances,"Office of the Superintendent of Financial Institutions","Bureau du surintendant des institutions financières",252850,2881,3245,28351,18359,956,232,635,5306,0,0,112,0,0,x1000
2024/2025,"Fisheries, Oceans and the Canadian Coast Guard","Pêches, Océans et Garde côtière canadienne","Department of Fisheries and Oceans","Ministère des Pêches et des Océans",1744790,94885,13432,1359006,72189,168345,152642,207827,665507,761067,166,21785,46610,0,x1000
2024/2025,"Global Affairs","Affaires mondiales","Department of Foreign Affairs, Trade and Development","Ministère des Affaires étrangères, du Commerce et du Développement",1745585,212567,24406,432993,245817,36566,48098,33001,65705,6230147,0,28929,58957,766,x1000
2024/2025,"Global Affairs","Affaires mondiales","Canadian Commercial Corporation","Corporation commerciale canadienne",0,0,0,0,0,0,0,0,0,0,0,13792,0,0,x1000
2024/2025,"Global Affairs","Affaires mondiales","Canadian Intergovernmental Conference Secretariat","Secrétariat des conférences intergouvernementales",4957,776,17,1777,523,0,17,0,50,0,0,8,0,0,x1000
2024/2025,"Global Affairs","Affaires mondiales","Export Development Canada (Canada Account)","Exportation et développement Canada (Compte du Canada)",0,0,0,91603,0,0,0,0,0,0,0,491561,0,0,x1000
2024/2025,"Global Affairs","Affaires mondiales","International Development Research Centre","Centre de recherches pour le développement international",0,0,0,0,0,0,0,0,0,0,0,160270,0,0,x1000
2024/2025,"Global Affairs","Affaires mondiales","International Joint Commission (Canadian Section)","Commission mixte internationale (section canadienne)",5118,570,164,2467,479,5,23,0,50,0,0,-1,0,0,x1000
2024/2025,"Global Affairs","Affaires mondiales","Invest in Canada Hub","Investir au Canada",11774,842,16858,1403,1020,0,33,400,413,0,0,0,0,0,x1000
2024/2025,Health,Santé,"Department of Health","Ministère de la Santé",1230999,10083,35493,430511,34941,22816,20238,59,35182,7175064,0,5461,220996,30386,x1000
2024/2025,Health,Santé,"Canadian Food Inspection Agency","Agence canadienne d'inspection des aliments",775166,10698,5136,106482,9057,11580,19883,0,21783,76238,0,3726,0,0,x1000
2024/2025,Health,Santé,"Canadian Institutes of Health Research","Instituts de recherche en santé du Canada",78575,448,629,2686,3505,1393,10,0,666,1336223,0,238,0,0,x1000
2024/2025,Health,Santé,"Patented Medicine Prices Review Board","Conseil d'examen du prix des médicaments brevetés",11138,127,950,898,282,2,8,0,238,0,0,44,0,0,x1000
2024/2025,Health,Santé,"Public Health Agency of Canada","Agence de la santé publique du Canada",502813,6579,39755,195982,12432,8376,291243,72,13312,462960,0,2388,936,62,x1000
2024/2025,"Housing, Infrastructure and Communities","Logement, Infrastructure et Collectivités","Department of Housing, Infrastructure and Communities","Ministère du Logement, de l'Infrastructure et des Collectivités",168011,1356,12168,28232,3144,17537,184,6784,3755,7075288,34789,80,0,0,x1000
2024/2025,"Housing, Infrastructure and Communities","Logement, Infrastructure et Collectivités","Canada Mortgage and Housing Corporation","Société canadienne d'hypothèques et de logement",0,0,0,0,0,0,0,0,0,0,0,5443590,0,0,x1000
2024/2025,"Housing, Infrastructure and Communities","Logement, Infrastructure et Collectivités","Office of Infrastructure of Canada","Bureau de l'infrastructure du Canada",34702,224,465,10841,1074,3075,14,1302,27,558624,6994,208,0,0,x1000
2024/2025,"Housing, Infrastructure and Communities","Logement, Infrastructure et Collectivités","The Jacques-Cartier and Champlain Bridges Inc.","Les Ponts Jacques-Cartier et Champlain Inc.",0,0,0,0,0,0,0,0,0,0,0,189642,0,0,x1000
2024/2025,"Housing, Infrastructure and Communities","Logement, Infrastructure et Collectivités","Windsor-Detroit Bridge Authority","Autorité du pont Windsor-Détroit",0,0,0,0,0,0,0,0,0,0,0,944189,0,0,x1000
2024/2025,"Immigration, Refugees and Citizenship","Immigration, Réfugiés et Citoyenneté","Department of Citizenship and Immigration","Ministère de la Citoyenneté et de l'Immigration",1323201,75925,11817,1757576,275514,1145,75012,0,7825,3572858,0,28371,616762,3942,x1000
2024/2025,"Immigration, Refugees and Citizenship","Immigration, Réfugiés et Citoyenneté","Immigration and Refugee Board","Commission de l'immigration et du statut de réfugié",298032,1533,425,39150,8008,1689,307,0,2914,0,0,817,0,0,x1000
2024/2025,"Indigenous Services","Services aux Autochtones","Department of Indigenous Services","Ministère des Services aux Autochtones",1030741,642247,10877,1122099,14097,5054,756680,220,72591,22861254,0,17278,3619,46779,x1000
2024/2025,"Innovation, Science and Industry","Innovation, Sciences et Industrie","Department of Industry","Ministère de l'Industrie",832225,13168,15510,172187,33043,15534,3971,0,24864,4084425,0,5336,322941,33862,x1000
2024/2025,"Innovation, Science and Industry","Innovation, Sciences et Industrie","Atlantic Canada Opportunities Agency","Agence de promotion économique du Canada atlantique",77761,1361,751,2212,1984,77,132,0,779,314333,0,1078,0,0,x1000
2024/2025,"Innovation, Science and Industry","Innovation, Sciences et Industrie","Canadian Northern Economic Development Agency","Agence canadienne de développement économique du Nord",18692,1396,24,3011,2210,153,86,23,132,55182,0,67,0,0,x1000
2024/2025,"Innovation, Science and Industry","Innovation, Sciences et Industrie","Canadian Space Agency","Agence spatiale canadienne",132265,7993,2781,387729,5440,7944,1852,0,6427,79428,0,2868,0,0,x1000
2024/2025,"Innovation, Science and Industry","Innovation, Sciences et Industrie","Canadian Tourism Commission","Commission canadienne du tourisme",0,0,0,0,0,0,0,0,0,0,0,115968,0,0,x1000
2024/2025,"Innovation, Science and Industry","Innovation, Sciences et Industrie","Copyright Board","Commission du droit d'auteur",4115,82,48,590,153,13,5,0,48,0,0,19,0,0,x1000
2024/2025,"Innovation, Science and Industry","Innovation, Sciences et Industrie","Department of Western Economic Diversification","Ministère de la Diversification de l'économie de l'Ouest  canadien",45343,795,848,4206,861,4,84,0,321,312053,0,35,0,1856,x1000
2024/2025,"Innovation, Science and Industry","Innovation, Sciences et Industrie","Economic Development Agency of Canada for the Regions of Quebec","Agence de développement économique du Canada pour les régions du Québec",49910,690,372,2055,1315,159,91,0,434,282428,0,176,0,0,x1000
2024/2025,"Innovation, Science and Industry","Innovation, Sciences et Industrie","Federal Economic Development Agency for Northern Ontario","Agence fédérale de développement économique pour le Nord de l'Ontario",13350,336,121,1311,30,59,17,0,187,47927,0,725,0,0,x1000
2024/2025,"Innovation, Science and Industry","Innovation, Sciences et Industrie","Federal Economic Development Agency for Southern  Ontario","Agence fédérale de développement économique pour le Sud de l'Ontario",37490,397,211,3816,410,0,22,0,67,216068,0,115,0,0,x1000
2024/2025,"Innovation, Science and Industry","Innovation, Sciences et Industrie","National Research Council of Canada","Conseil national de recherches du Canada",648449,17319,2565,111663,17679,29958,49109,38842,134254,639726,0,18450,0,0,x1000
2024/2025,"Innovation, Science and Industry","Innovation, Sciences et Industrie","Natural Sciences and Engineering Research Council","Conseil de recherches en sciences naturelles et en génie",62485,1147,477,4154,1631,81,36,190,2011,1396360,0,6,0,0,x1000
2024/2025,"Innovation, Science and Industry","Innovation, Sciences et Industrie","Pacific Economic Development Agency of Canada","Agence de développement économique du Pacifique Canada",25250,930,369,8616,534,0,47,0,577,100220,0,6,0,0,x1000
2024/2025,"Innovation, Science and Industry","Innovation, Sciences et Industrie","Social Sciences and Humanities Research Council","Conseil de recherches en sciences humaines",54906,1143,861,3168,1284,63,27,150,989,1234605,0,72,0,0,x1000
2024/2025,"Innovation, Science and Industry","Innovation, Sciences et Industrie","Standards Council of Canada","Conseil canadien des normes",0,0,0,0,0,0,0,0,0,0,0,25591,0,0,x1000
2024/2025,"Innovation, Science and Industry","Innovation, Sciences et Industrie","Statistics Canada","Statistique Canada",741514,21643,9608,34869,38112,1248,1368,154,13512,0,0,653,21608,106800,x1000
2024/2025,Justice,Justice,"Department of Justice","Ministère de la Justice",1031998,7820,4533,47266,10782,913,1784,1254,6715,717632,0,2915,1066,481605,x1000
2024/2025,Justice,Justice,"Administrative Tribunals Support Service of Canada","Service canadien d'appui aux tribunaux administratifs",100992,1620,1270,6753,3231,1180,218,0,2423,0,0,25,15856,15897,x1000
2024/2025,Justice,Justice,"Canadian Human Rights Commission","Commission canadienne des droits de la personne",38877,243,184,2741,839,27,44,0,550,0,0,44,0,1985,x1000
2024/2025,Justice,Justice,"Courts Administration Service","Service administratif des tribunaux judiciaires",96779,3162,787,21164,6495,749,2586,155,3652,0,0,193,0,0,x1000
2024/2025,Justice,Justice,"Law Commission of Canada","Commission du droit du Canada",1862,58,130,500,110,17,2,1293,57,0,0,11,0,0,x1000
2024/2025,Justice,Justice,"Office of the Commissioner for Federal Judicial Affairs","Bureau du commissaire à la magistrature fédérale",747485,24860,125,21265,1037,115,33,0,219,0,0,9060,0,0,x1000
2024/2025,Justice,Justice,"Office of the Director of Public Prosecutions","Bureau du directeur des poursuites pénales",208343,7756,420,44288,3857,1431,1253,0,1139,0,0,818,229,14826,x1000
2024/2025,Justice,Justice,"Offices of the Information and Privacy Commissioners of  Canada","Commissariats à l'information et à la protection de la vie privée du Canada",46888,555,397,4825,1198,106,34,7,672,500,0,25,0,190,x1000
2024/2025,Justice,Justice,"Registrar of the Supreme Court of Canada","Registraire de la Cour suprême du Canada",41646,1775,1021,3532,1388,207,748,0,974,0,0,31,0,0,x1000
2024/2025,"National Defence","Défense nationale","Department of National Defence","Ministère de la Défense nationale",12729101,843592,27496,6925234,847943,2173514,1354937,867202,6557780,1592695,2470,327291,310924,13536,x1000
2024/2025,"National Defence","Défense nationale","Communications Security Establishment","Centre de la sécurité des télécommunications",523227,0,0,0,0,0,0,15771,0,0,60570,509237,819,19454,x1000
2024/2025,"National Defence","Défense nationale","Military Grievances External Review Committee","Comité externe d'examen des griefs militaires",7280,30,16,483,496,14,11,0,73,0,0,0,0,0,x1000
2024/2025,"National Defence","Défense nationale","Military Police Complaints Commission","Commission d'examen des plaintes concernant la police militaire",4672,64,48,525,406,3,8,0,51,0,0,0,0,0,x1000
2024/2025,"National Revenue","Revenu national","Canada Revenue Agency","Agence du revenu du Canada",5669868,105766,23281,565992,296975,59342,14708,0,35540,15886210,0,7341,0,485700,x1000
2024/2025,"Office of the Governor General's Secretary","Bureau du secrétaire du gouverneur général","Office of the Governor General's Secretary","Bureau du secrétaire du gouverneur général",19932,1411,528,1393,599,3,3668,0,820,968,0,309,0,0,x1000
2024/2025,"Parks Canada","Parcs Canada","Parks Canada Agency <sup>4</sup>","Agence Parcs Canada <sup>4</sup>",626664,19718,7930,184496,66749,23154,60892,173566,38687,103618,2,63270,0,0,x1000
2024/2025,Parliament,Parlement,"House of Commons","Chambre des communes",497812,45808,15568,31434,34174,10462,11769,0,31305,1471,0,994,3502,33193,x1000
2024/2025,Parliament,Parlement,"Library of Parliament","Bibliothèque du Parlement",53792,439,2291,1145,632,87,3826,0,718,0,0,10,861,0,x1000
2024/2025,Parliament,Parlement,"Office of the Conflict of Interest and Ethics Commissioner","Bureau du commissaire aux conflits d'intérêts et à l'éthique",7169,93,74,882,103,1,14,0,196,0,0,1,0,0,x1000
2024/2025,Parliament,Parlement,"Office of the Parliamentary Budget Officer","Bureau du directeur parlementaire du budget",5547,74,115,395,274,0,173,0,67,0,0,5,0,0,x1000
2024/2025,Parliament,Parlement,"Office of the Senate Ethics Officer","Bureau du conseiller sénatorial en éthique",926,24,1,136,5,0,6,0,7,0,0,0,0,0,x1000
2024/2025,Parliament,Parlement,"Parliamentary Protective Service","Service de protection parlementaire",96583,536,228,5001,767,957,1645,0,3490,0,0,207,144,1445,x1000
2024/2025,Parliament,Parlement,Senate,Sénat,104588,9524,1661,3893,2380,1531,638,0,5116,567,0,42,0,0,x1000
2024/2025,"Privy Council","Conseil privé","Privy Council Office","Bureau du Conseil privé",188333,7820,5552,36014,6469,3195,788,0,10080,1229,0,572,249,8059,x1000
2024/2025,"Privy Council","Conseil privé","Canadian Transportation Accident Investigation and Safety Board","Bureau canadien d'enquête sur les accidents de transport et de la sécurité des transports",33959,1347,300,4846,976,540,207,0,723,0,0,79,0,0,x1000
2024/2025,"Privy Council","Conseil privé","National Security and Intelligence Review Agency Secretariat","Secrétariat de l'Office de surveillance des activités en matière de sécurité nationale et de renseignement",14324,388,38,3642,137,165,41,0,39,0,0,66,0,0,x1000
2024/2025,"Privy Council","Conseil privé","Office of the Intelligence Commissioner","Bureau du commissaire au renseignement",1050,22,17,615,331,4,8,0,5,0,0,7,0,0,x1000
2024/2025,"Privy Council","Conseil privé","Public Service Commission","Commission de la fonction publique",95515,274,360,7362,2561,70,157,0,1578,0,0,684,0,8435,x1000
2024/2025,"Public Safety","Sécurité publique","Department of Public Safety and Emergency Preparedness","Ministère de la Sécurité publique et de la Protection civile",215540,5288,4419,49214,8020,5998,564,0,5477,1046878,0,2173,702,2051,x1000
2024/2025,"Public Safety","Sécurité publique","Canada Border Services Agency","Agence des services frontaliers du Canada",2367416,60109,5002,422155,10179,48048,19638,48283,55544,0,0,10259,37700,0,x1000
2024/2025,"Public Safety","Sécurité publique","Canadian Security Intelligence Service","Service canadien du renseignement de sécurité",493373,0,0,0,0,0,0,0,0,0,0,319644,0,0,x1000
2024/2025,"Public Safety","Sécurité publique","Civilian Review and Complaints Commission for the Royal Canadian Mounted Police","Commission civile d'examen et de traitement des plaintes  relatives à la Gendarmerie royale du Canada",13538,158,42,755,254,9,62,0,518,0,0,870,0,0,x1000
2024/2025,"Public Safety","Sécurité publique","Correctional Service of Canada","Service correctionnel du Canada",2496859,31245,1416,533554,39462,43432,213495,144333,83111,6046,0,147079,4681,134834,x1000
2024/2025,"Public Safety","Sécurité publique","Office of the Commissioner of Official Languages","Commissariat aux langues officielles",22522,368,300,1964,354,180,75,0,377,0,0,8,0,0,x1000
2024/2025,"Public Safety","Sécurité publique","Office of the Correctional Investigator of Canada","Bureau de l'enquêteur correctionnel du Canada",5755,313,42,473,28,0,18,0,78,0,0,212,0,0,x1000
2024/2025,"Public Safety","Sécurité publique","Parole Board of Canada","Commission des libérations conditionnelles du Canada",65150,1756,172,9371,296,83,67,0,98,0,0,55,0,118,x1000
2024/2025,"Public Safety","Sécurité publique","Royal Canadian Mounted Police","Gendarmerie royale du Canada",5844145,289084,4669,799445,189911,113888,200281,77292,393521,22830,510,135779,2325290,1693,x1000
2024/2025,"Public Safety","Sécurité publique","Royal Canadian Mounted Police External Review Committee","Comité externe d'examen de la Gendarmerie royale du Canada",5636,18,32,659,9,2,40,0,30,0,0,263,0,0,x1000
2024/2025,"Public Services and Procurement","Services publics et Approvisionnement","Department of Public Works and Government Services","Ministère des Travaux publics et des Services gouvernementaux",2211388,112087,19875,3041055,1314348,1175684,143138,1014718,119302,9910,94383,472264,245048,4031513,x1000
2024/2025,"Public Services and Procurement","Services publics et Approvisionnement","Canada Post Corporation","Société canadienne des postes",0,0,0,0,0,0,0,0,0,0,0,22210,0,0,x1000
2024/2025,"Public Services and Procurement","Services publics et Approvisionnement","National Capital Commission","Commission de la capitale nationale",0,0,0,0,0,0,0,0,0,0,0,150820,0,0,x1000
2024/2025,"Public Services and Procurement","Services publics et Approvisionnement","Shared Services Canada","Services partagés Canada",1183736,581025,2811,396261,691704,298435,7020,4052,281950,0,4735,3087,6963,830840,x1000
2024/2025,Transport,Transports,"Department of Transport","Ministère des Transports",876400,28839,12453,262599,27710,22699,15405,172927,99447,2182532,0,22849,53225,49626,x1000
2024/2025,Transport,Transports,"Canadian Air Transport Security Authority","Administration canadienne de la sûreté du transport aérien",0,0,0,0,0,0,0,0,0,0,0,1079165,0,0,x1000
2024/2025,Transport,Transports,"Canadian Transportation Agency","Office des transports du Canada",53925,322,546,1404,1968,70,37,1,398,0,0,35,0,0,x1000
2024/2025,Transport,Transports,"Marine Atlantic Inc.","Marine Atlantique S.C.C.",0,0,0,0,0,0,0,0,0,0,0,194974,0,0,x1000
2024/2025,Transport,Transports,"The Federal Bridge Corporation Limited",Transports,0,0,0,0,0,0,0,0,0,0,0,17864,0,0,x1000
2024/2025,Transport,Transports,"VIA HFR - VIA TGF Inc.",Transports,0,0,0,0,0,0,0,0,0,0,0,69825,0,0,x1000
2024/2025,Transport,Transports,"VIA Rail Canada Inc.",Transports,0,0,0,0,0,0,0,0,0,0,0,878574,0,0,x1000
2024/2025,"Treasury Board","Conseil du Trésor","Treasury Board Secretariat","Secrétariat du Conseil du Trésor",11756507,1217,3580,203789,49084,551,6373,0,1894,1068,0,-13737,608350,365703,x1000
2024/2025,"Treasury Board","Conseil du Trésor","Canada School of Public Service","École de la fonction publiquedu Canada",77891,728,310,7018,12119,514,140,29,2732,0,0,-2700,0,0,x1000
2024/2025,"Treasury Board","Conseil du Trésor","Office of the Commissioner of Lobbying","Commissariat au lobbying",4619,68,18,1124,88,11,11,0,154,0,0,-3,0,0,x1000
2024/2025,"Treasury Board","Conseil du Trésor","Office of the Public Sector Integrity Commissioner","Commissariat à l'intégrité dusecteur public",5636,111,17,865,77,1,6,0,25,27,0,0,0,0,x1000
2024/2025,"Veterans Affairs","Anciens Combattants","Department of Veterans Affairs","Ministère des Anciens Combattants",400032,41628,5865,706769,26516,4013,414086,2929,1726,5579881,0,446598,0,0,x1000
2024/2025,"Veterans Affairs","Anciens Combattants","Veterans Review and Appeal Board","Tribunal des anciens combattants (révision et appel)",19021,826,34,774,145,0,122,0,306,0,0,33,0,0,x1000
2024/2025,"Women, Gender Equality and Youth","Femmes, Égalité des genres et Jeunesse","Department for Women and Gender Equality <sup>4</sup>","Ministère des Femmes et de l'Égalité des genres <sup>4</sup>",52320,782,7809,3595,631,93,54,33,1042,302479,0,124,0,0,x1000