Nom_portefeuille;Fonds_speciaux;REGRP_Sommaire;REGRP_Nom;Montant
Affaires municipales et Habitation;Fonds régions et ruralité;Revenus;Transferts provenant du ministère responsable;277 500 000
Affaires municipales et Habitation;Fonds régions et ruralité;Revenus;Revenus divers;1 582 000
Affaires municipales et Habitation;Fonds régions et ruralité;Dépenses;Transferts;278 427 000
Affaires municipales et Habitation;Fonds régions et ruralité;Dépenses;Excédent à approuver;0
Affaires municipales et Habitation;Fonds régions et ruralité;Surplus (déficit);Surplus (déficit) de l'exercice lié aux activités;655 000
Affaires municipales et Habitation;Fonds régions et ruralité;Surplus (déficit);Surplus (déficit) cumulé lié aux activités, au début;109 574 000
Affaires municipales et Habitation;Fonds régions et ruralité;Surplus (déficit);Surplus (déficit) cumulé lié aux activités, à la fin;110 229 000
Affaires municipales et Habitation;Fonds régions et ruralité;Investissements;Excédent à approuver;0
Conseil du trésor et Administration gouvernementale;Fonds de la région de la Capitale-Nationale;Revenus;Transferts provenant du ministère responsable;29 500 000
Conseil du trésor et Administration gouvernementale;Fonds de la région de la Capitale-Nationale;Dépenses;Transferts;28 133 000
Conseil du trésor et Administration gouvernementale;Fonds de la région de la Capitale-Nationale;Dépenses;Excédent à approuver;0
Conseil du trésor et Administration gouvernementale;Fonds de la région de la Capitale-Nationale;Surplus (déficit);Surplus (déficit) de l'exercice lié aux activités;1 367 000
Conseil du trésor et Administration gouvernementale;Fonds de la région de la Capitale-Nationale;Surplus (déficit);Surplus (déficit) cumulé lié aux activités, au début;0
Conseil du trésor et Administration gouvernementale;Fonds de la région de la Capitale-Nationale;Surplus (déficit);Surplus (déficit) cumulé lié aux activités, à la fin;1 367 000
Conseil du trésor et Administration gouvernementale;Fonds de la région de la Capitale-Nationale;Investissements;Excédent à approuver;0
Culture et Communications;Fonds Avenir Mécénat Culture;Revenus;Taxes à la consommation;5 000 000
Culture et Communications;Fonds Avenir Mécénat Culture;Revenus;Revenus divers;307 000
Culture et Communications;Fonds Avenir Mécénat Culture;Dépenses;Transferts;5 378 000
Culture et Communications;Fonds Avenir Mécénat Culture;Dépenses;Excédent à approuver;372 000
Culture et Communications;Fonds Avenir Mécénat Culture;Surplus (déficit);Surplus (déficit) de l'exercice lié aux activités;-71 000
Culture et Communications;Fonds Avenir Mécénat Culture;Surplus (déficit);Surplus (déficit) cumulé lié aux activités, au début;531 000
Culture et Communications;Fonds Avenir Mécénat Culture;Surplus (déficit);Surplus (déficit) cumulé lié aux activités, à la fin;460 000
Culture et Communications;Fonds Avenir Mécénat Culture;Investissements;Excédent à approuver;0
Culture et Communications;Fonds du patrimoine culturel québécois;Revenus;Transferts provenant du ministère responsable;22 168 000
Culture et Communications;Fonds du patrimoine culturel québécois;Revenus;Revenus divers;3 140 000
Culture et Communications;Fonds du patrimoine culturel québécois;Dépenses;Fonctionnement;1 000
Culture et Communications;Fonds du patrimoine culturel québécois;Dépenses;Transferts;18 411 000
Culture et Communications;Fonds du patrimoine culturel québécois;Dépenses;Excédent à approuver;0
Culture et Communications;Fonds du patrimoine culturel québécois;Surplus (déficit);Surplus (déficit) de l'exercice lié aux activités;6 897 000
Culture et Communications;Fonds du patrimoine culturel québécois;Surplus (déficit);Surplus (déficit) cumulé lié aux activités, au début;71 102 000
Culture et Communications;Fonds du patrimoine culturel québécois;Surplus (déficit);Surplus (déficit) cumulé lié aux activités, à la fin;77 998 000
Culture et Communications;Fonds du patrimoine culturel québécois;Investissements;Excédent à approuver;0
Cybersécurité et Numérique;Fonds de la cybersécurité et du numérique;Revenus;Transferts provenant du ministère responsable;136 761 000
Cybersécurité et Numérique;Fonds de la cybersécurité et du numérique;Revenus;Revenus divers;538 638 000
Cybersécurité et Numérique;Fonds de la cybersécurité et du numérique;Dépenses;Rémunération;166 631 000
Cybersécurité et Numérique;Fonds de la cybersécurité et du numérique;Dépenses;Fonctionnement;488 903 000
Cybersécurité et Numérique;Fonds de la cybersécurité et du numérique;Dépenses;Créances douteuses et autres provisions;-3 000
Cybersécurité et Numérique;Fonds de la cybersécurité et du numérique;Dépenses;Service de la dette;17 833 000
Cybersécurité et Numérique;Fonds de la cybersécurité et du numérique;Dépenses;Excédent à approuver;52 562 000
Cybersécurité et Numérique;Fonds de la cybersécurité et du numérique;Surplus (déficit);Surplus (déficit) de l'exercice lié aux activités;2 034 000
Cybersécurité et Numérique;Fonds de la cybersécurité et du numérique;Surplus (déficit);Surplus (déficit) cumulé lié aux activités, au début;17 416 000
Cybersécurité et Numérique;Fonds de la cybersécurité et du numérique;Surplus (déficit);Surplus (déficit) cumulé lié aux activités, à la fin;19 451 000
Cybersécurité et Numérique;Fonds de la cybersécurité et du numérique;Investissements;Immobilisations autres qu'en ressources informationnelles;42 404 000
Cybersécurité et Numérique;Fonds de la cybersécurité et du numérique;Investissements;Immobilisations en ressources informationnelles;101 851 000
Cybersécurité et Numérique;Fonds de la cybersécurité et du numérique;Investissements;Excédent à approuver;16 240 000
Économie, Innovation et Énergie;Capital ressources naturelles et énergie;Revenus;Revenus divers;8 775 000
Économie, Innovation et Énergie;Capital ressources naturelles et énergie;Dépenses;Fonctionnement;3 232 000
Économie, Innovation et Énergie;Capital ressources naturelles et énergie;Dépenses;Créances douteuses et autres provisions;1 318 000
Économie, Innovation et Énergie;Capital ressources naturelles et énergie;Dépenses;Dépenses liées aux quotes-parts des participations;3 680 000
Économie, Innovation et Énergie;Capital ressources naturelles et énergie;Dépenses;Excédent à approuver;4 372 000
Économie, Innovation et Énergie;Capital ressources naturelles et énergie;Surplus (déficit);Surplus (déficit) de l'exercice lié aux activités;545 000
Économie, Innovation et Énergie;Capital ressources naturelles et énergie;Surplus (déficit);Surplus (déficit) cumulé lié aux activités, au début;-207 412 000
Économie, Innovation et Énergie;Capital ressources naturelles et énergie;Surplus (déficit);Surplus (déficit) cumulé lié aux activités, à la fin;-206 866 000
Économie, Innovation et Énergie;Capital ressources naturelles et énergie;Surplus (déficit);Gains (pertes) de réévaluation cumulé(e)s;151 431 000
Économie, Innovation et Énergie;Capital ressources naturelles et énergie;Surplus (déficit);Surplus (déficit) cumulé à la fin;-55 435 000
Économie, Innovation et Énergie;Capital ressources naturelles et énergie;Investissements;Prêts, placements, avances et autres coûts ;250 930 000
Économie, Innovation et Énergie;Capital ressources naturelles et énergie;Investissements;Excédent à approuver;0
Économie, Innovation et Énergie;Fonds des ressources naturelles;Revenus;Transferts provenant du ministère responsable;7 179 000
Économie, Innovation et Énergie;Fonds des ressources naturelles;Revenus;Droits, permis et redevances;83 000
Économie, Innovation et Énergie;Fonds des ressources naturelles;Revenus;Revenus divers;1 106 000
Économie, Innovation et Énergie;Fonds des ressources naturelles;Dépenses;Rémunération;2 625 000
Économie, Innovation et Énergie;Fonds des ressources naturelles;Dépenses;Fonctionnement;2 227 000
Économie, Innovation et Énergie;Fonds des ressources naturelles;Dépenses;Créances douteuses et autres provisions;7 000
Économie, Innovation et Énergie;Fonds des ressources naturelles;Dépenses;Excédent à approuver;0
Économie, Innovation et Énergie;Fonds des ressources naturelles;Surplus (déficit);Surplus (déficit) de l'exercice lié aux activités;3 508 000
Économie, Innovation et Énergie;Fonds des ressources naturelles;Surplus (déficit);Surplus (déficit) cumulé lié aux activités, au début;15 689 000
Économie, Innovation et Énergie;Fonds des ressources naturelles;Surplus (déficit);Surplus (déficit) cumulé lié aux activités, à la fin;19 197 000
Économie, Innovation et Énergie;Fonds des ressources naturelles;Investissements;Immobilisations autres qu'en ressources informationnelles;15 000
Économie, Innovation et Énergie;Fonds des ressources naturelles;Investissements;Excédent à approuver;0
Économie, Innovation et Énergie;Fonds du développement économique;Revenus;Transferts provenant du ministère responsable;1 459 892 000
Économie, Innovation et Énergie;Fonds du développement économique;Revenus;Transferts provenant des autres entités du périmètre comptable du gouvernement du Québec;9 412 000
Économie, Innovation et Énergie;Fonds du développement économique;Revenus;Revenus divers;353 726 000
Économie, Innovation et Énergie;Fonds du développement économique;Dépenses;Fonctionnement;188 114 000
Économie, Innovation et Énergie;Fonds du développement économique;Dépenses;Transferts;287 272 000
Économie, Innovation et Énergie;Fonds du développement économique;Dépenses;Créances douteuses et autres provisions;1 090 710 000
Économie, Innovation et Énergie;Fonds du développement économique;Dépenses;Dépenses liées aux quotes-parts des participations;20 944 000
Économie, Innovation et Énergie;Fonds du développement économique;Dépenses;Service de la dette;235 990 000
Économie, Innovation et Énergie;Fonds du développement économique;Dépenses;Excédent à approuver;463 085 000
Économie, Innovation et Énergie;Fonds du développement économique;Surplus (déficit);Surplus (déficit) de l'exercice lié aux activités;0
Économie, Innovation et Énergie;Fonds du développement économique;Surplus (déficit);Surplus (déficit) cumulé lié aux activités, au début;82 984 000
Économie, Innovation et Énergie;Fonds du développement économique;Surplus (déficit);Surplus (déficit) cumulé lié aux activités, à la fin;82 984 000
Économie, Innovation et Énergie;Fonds du développement économique;Surplus (déficit);Gains (pertes) de réévaluation cumulé(e)s;-119 299 000
Économie, Innovation et Énergie;Fonds du développement économique;Surplus (déficit);Surplus (déficit) cumulé à la fin;-36 315 000
Économie, Innovation et Énergie;Fonds du développement économique;Investissements;Immobilisations autres qu'en ressources informationnelles;38 553 000
Économie, Innovation et Énergie;Fonds du développement économique;Investissements;Prêts, placements, avances et autres coûts ;1 831 407 000
Économie, Innovation et Énergie;Fonds du développement économique;Investissements;Excédent à approuver;0
Économie, Innovation et Énergie;Fonds pour la croissance des entreprises québécoises;Revenus;Revenus divers;493 000
Économie, Innovation et Énergie;Fonds pour la croissance des entreprises québécoises;Dépenses;Fonctionnement;493 000
Économie, Innovation et Énergie;Fonds pour la croissance des entreprises québécoises;Dépenses;Excédent à approuver;343 000
Économie, Innovation et Énergie;Fonds pour la croissance des entreprises québécoises;Surplus (déficit);Surplus (déficit) de l'exercice lié aux activités;0
Économie, Innovation et Énergie;Fonds pour la croissance des entreprises québécoises;Surplus (déficit);Surplus (déficit) cumulé lié aux activités, au début;-690 000
Économie, Innovation et Énergie;Fonds pour la croissance des entreprises québécoises;Surplus (déficit);Surplus (déficit) cumulé lié aux activités, à la fin;-690 000
Économie, Innovation et Énergie;Fonds pour la croissance des entreprises québécoises;Surplus (déficit);Gains (pertes) de réévaluation cumulé(e)s;-30 979 000
Économie, Innovation et Énergie;Fonds pour la croissance des entreprises québécoises;Surplus (déficit);Surplus (déficit) cumulé à la fin;-31 670 000
Économie, Innovation et Énergie;Fonds pour la croissance des entreprises québécoises;Investissements;Prêts, placements, avances et autres coûts ;83 419 000
Économie, Innovation et Énergie;Fonds pour la croissance des entreprises québécoises;Investissements;Excédent à approuver;0
Éducation;Fonds pour le développement du sport et de l'activité physique;Revenus;Transferts provenant du ministère responsable;104 122 000
Éducation;Fonds pour le développement du sport et de l'activité physique;Revenus;Taxes à la consommation;89 000 000
Éducation;Fonds pour le développement du sport et de l'activité physique;Revenus;Revenus divers;15 532 000
Éducation;Fonds pour le développement du sport et de l'activité physique;Dépenses;Rémunération;1 166 000
Éducation;Fonds pour le développement du sport et de l'activité physique;Dépenses;Fonctionnement;68 000
Éducation;Fonds pour le développement du sport et de l'activité physique;Dépenses;Transferts;143 245 000
Éducation;Fonds pour le développement du sport et de l'activité physique;Dépenses;Excédent à approuver;0
Éducation;Fonds pour le développement du sport et de l'activité physique;Surplus (déficit);Surplus (déficit) de l'exercice lié aux activités;64 176 000
Éducation;Fonds pour le développement du sport et de l'activité physique;Surplus (déficit);Surplus (déficit) cumulé lié aux activités, au début;244 390 000
Éducation;Fonds pour le développement du sport et de l'activité physique;Surplus (déficit);Surplus (déficit) cumulé lié aux activités, à la fin;308 566 000
Éducation;Fonds pour le développement du sport et de l'activité physique;Investissements;Prêts, placements, avances et autres coûts ;68 737 000
Éducation;Fonds pour le développement du sport et de l'activité physique;Investissements;Excédent à approuver;0
Emploi et Solidarité sociale;Fonds d'aide à l'action communautaire autonome;Revenus;Transferts provenant du ministère responsable;57 874 000
Emploi et Solidarité sociale;Fonds d'aide à l'action communautaire autonome;Revenus;Transferts provenant des autres entités du périmètre comptable du gouvernement du Québec;3 248 000
Emploi et Solidarité sociale;Fonds d'aide à l'action communautaire autonome;Dépenses;Rémunération;3 252 000
Emploi et Solidarité sociale;Fonds d'aide à l'action communautaire autonome;Dépenses;Fonctionnement;1 442 000
Emploi et Solidarité sociale;Fonds d'aide à l'action communautaire autonome;Dépenses;Transferts;48 044 000
Emploi et Solidarité sociale;Fonds d'aide à l'action communautaire autonome;Dépenses;Excédent à approuver;0
Emploi et Solidarité sociale;Fonds d'aide à l'action communautaire autonome;Surplus (déficit);Surplus (déficit) de l'exercice lié aux activités;8 383 000
Emploi et Solidarité sociale;Fonds d'aide à l'action communautaire autonome;Surplus (déficit);Surplus (déficit) cumulé lié aux activités, au début;14 722 000
Emploi et Solidarité sociale;Fonds d'aide à l'action communautaire autonome;Surplus (déficit);Surplus (déficit) cumulé lié aux activités, à la fin;23 105 000
Emploi et Solidarité sociale;Fonds d'aide à l'action communautaire autonome;Investissements;Excédent à approuver;0
Emploi et Solidarité sociale;Fonds de développement du marché du travail;Revenus;Transferts provenant du ministère responsable;1 149 989 000
Emploi et Solidarité sociale;Fonds de développement du marché du travail;Revenus;Transferts provenant des autres entités du périmètre comptable du gouvernement du Québec;998 000
Emploi et Solidarité sociale;Fonds de développement du marché du travail;Revenus;Droits, permis et redevances;1 811 000
Emploi et Solidarité sociale;Fonds de développement du marché du travail;Revenus;Revenus divers;6 614 000
Emploi et Solidarité sociale;Fonds de développement du marché du travail;Revenus;Transferts du gouvernement fédéral;27 390 000
Emploi et Solidarité sociale;Fonds de développement du marché du travail;Dépenses;Rémunération;192 535 000
Emploi et Solidarité sociale;Fonds de développement du marché du travail;Dépenses;Fonctionnement;57 984 000
Emploi et Solidarité sociale;Fonds de développement du marché du travail;Dépenses;Transferts;857 218 000
Emploi et Solidarité sociale;Fonds de développement du marché du travail;Dépenses;Créances douteuses et autres provisions;-765 000
Emploi et Solidarité sociale;Fonds de développement du marché du travail;Dépenses;Excédent à approuver;0
Emploi et Solidarité sociale;Fonds de développement du marché du travail;Surplus (déficit);Surplus (déficit) de l'exercice lié aux activités;79 830 000
Emploi et Solidarité sociale;Fonds de développement du marché du travail;Surplus (déficit);Surplus (déficit) cumulé lié aux activités, au début;240 884 000
Emploi et Solidarité sociale;Fonds de développement du marché du travail;Surplus (déficit);Surplus (déficit) cumulé lié aux activités, à la fin;320 714 000
Emploi et Solidarité sociale;Fonds de développement du marché du travail;Investissements;Excédent à approuver;0
Emploi et Solidarité sociale;Fonds des biens et des services;Revenus;Transferts provenant du ministère responsable;88 407 000
Emploi et Solidarité sociale;Fonds des biens et des services;Revenus;Revenus divers;107 074 000
Emploi et Solidarité sociale;Fonds des biens et des services;Dépenses;Rémunération;137 630 000
Emploi et Solidarité sociale;Fonds des biens et des services;Dépenses;Fonctionnement;76 310 000
Emploi et Solidarité sociale;Fonds des biens et des services;Dépenses;Créances douteuses et autres provisions;121 000
Emploi et Solidarité sociale;Fonds des biens et des services;Dépenses;Service de la dette;7 000
Emploi et Solidarité sociale;Fonds des biens et des services;Dépenses;Excédent à approuver;861 000
Emploi et Solidarité sociale;Fonds des biens et des services;Surplus (déficit);Surplus (déficit) de l'exercice lié aux activités;-18 586 000
Emploi et Solidarité sociale;Fonds des biens et des services;Surplus (déficit);Surplus (déficit) cumulé lié aux activités, au début;69 815 000
Emploi et Solidarité sociale;Fonds des biens et des services;Surplus (déficit);Surplus (déficit) cumulé lié aux activités, à la fin;51 229 000
Emploi et Solidarité sociale;Fonds des biens et des services;Investissements;Immobilisations autres qu'en ressources informationnelles;2 844 000
Emploi et Solidarité sociale;Fonds des biens et des services;Investissements;Excédent à approuver;0
Emploi et Solidarité sociale;Fonds des technologies de l'information du ministère de l'Emploi et de la Solidarité sociale;Revenus;Transferts provenant du ministère responsable;7 145 000
Emploi et Solidarité sociale;Fonds des technologies de l'information du ministère de l'Emploi et de la Solidarité sociale;Revenus;Revenus divers;7 282 000
Emploi et Solidarité sociale;Fonds des technologies de l'information du ministère de l'Emploi et de la Solidarité sociale;Dépenses;Fonctionnement;13 347 000
Emploi et Solidarité sociale;Fonds des technologies de l'information du ministère de l'Emploi et de la Solidarité sociale;Dépenses;Service de la dette;1 080 000
Emploi et Solidarité sociale;Fonds des technologies de l'information du ministère de l'Emploi et de la Solidarité sociale;Dépenses;Excédent à approuver;0
Emploi et Solidarité sociale;Fonds des technologies de l'information du ministère de l'Emploi et de la Solidarité sociale;Surplus (déficit);Surplus (déficit) de l'exercice lié aux activités;0
Emploi et Solidarité sociale;Fonds des technologies de l'information du ministère de l'Emploi et de la Solidarité sociale;Surplus (déficit);Surplus (déficit) cumulé lié aux activités, au début;0
Emploi et Solidarité sociale;Fonds des technologies de l'information du ministère de l'Emploi et de la Solidarité sociale;Surplus (déficit);Surplus (déficit) cumulé lié aux activités, à la fin;0
Emploi et Solidarité sociale;Fonds des technologies de l'information du ministère de l'Emploi et de la Solidarité sociale;Investissements;Immobilisations en ressources informationnelles;20 452 000
Emploi et Solidarité sociale;Fonds des technologies de l'information du ministère de l'Emploi et de la Solidarité sociale;Investissements;Excédent à approuver;1 221 000
Emploi et Solidarité sociale;Fonds québécois d'initiatives sociales;Revenus;Transferts provenant du ministère responsable;70 095 000
Emploi et Solidarité sociale;Fonds québécois d'initiatives sociales;Revenus;Revenus divers;1 252 000
Emploi et Solidarité sociale;Fonds québécois d'initiatives sociales;Dépenses;Rémunération;573 000
Emploi et Solidarité sociale;Fonds québécois d'initiatives sociales;Dépenses;Fonctionnement;159 000
Emploi et Solidarité sociale;Fonds québécois d'initiatives sociales;Dépenses;Transferts;68 924 000
Emploi et Solidarité sociale;Fonds québécois d'initiatives sociales;Dépenses;Créances douteuses et autres provisions;2 000
Emploi et Solidarité sociale;Fonds québécois d'initiatives sociales;Dépenses;Excédent à approuver;16 532 000
Emploi et Solidarité sociale;Fonds québécois d'initiatives sociales;Surplus (déficit);Surplus (déficit) de l'exercice lié aux activités;1 689 000
Emploi et Solidarité sociale;Fonds québécois d'initiatives sociales;Surplus (déficit);Surplus (déficit) cumulé lié aux activités, au début;4 292 000
Emploi et Solidarité sociale;Fonds québécois d'initiatives sociales;Surplus (déficit);Surplus (déficit) cumulé lié aux activités, à la fin;5 981 000
Emploi et Solidarité sociale;Fonds québécois d'initiatives sociales;Investissements;Excédent à approuver;0
Enseignement supérieur;Fonds pour l'excellence et la performance universitaires;Revenus;Transferts provenant du ministère responsable;25 000 000
Enseignement supérieur;Fonds pour l'excellence et la performance universitaires;Dépenses;Transferts;25 000 000
Enseignement supérieur;Fonds pour l'excellence et la performance universitaires;Dépenses;Excédent à approuver;0
Enseignement supérieur;Fonds pour l'excellence et la performance universitaires;Surplus (déficit);Surplus (déficit) de l'exercice lié aux activités;0
Enseignement supérieur;Fonds pour l'excellence et la performance universitaires;Surplus (déficit);Surplus (déficit) cumulé lié aux activités, au début;0
Enseignement supérieur;Fonds pour l'excellence et la performance universitaires;Surplus (déficit);Surplus (déficit) cumulé lié aux activités, à la fin;0
Enseignement supérieur;Fonds pour l'excellence et la performance universitaires;Investissements;Excédent à approuver;0
Environnement, Lutte contre les changements climatiques, Faune ;Fonds bleu;Revenus;Transferts provenant du ministère responsable;10 484 000
Environnement, Lutte contre les changements climatiques, Faune ;Fonds bleu;Revenus;Droits, permis et redevances;29 192 000
Environnement, Lutte contre les changements climatiques, Faune ;Fonds bleu;Revenus;Revenus divers;2 025 000
Environnement, Lutte contre les changements climatiques, Faune ;Fonds bleu;Revenus;Transferts du gouvernement fédéral;817 000
Environnement, Lutte contre les changements climatiques, Faune ;Fonds bleu;Dépenses;Rémunération;10 707 000
Environnement, Lutte contre les changements climatiques, Faune ;Fonds bleu;Dépenses;Fonctionnement;17 267 000
Environnement, Lutte contre les changements climatiques, Faune ;Fonds bleu;Dépenses;Transferts;14 508 000
Environnement, Lutte contre les changements climatiques, Faune ;Fonds bleu;Dépenses;Créances douteuses et autres provisions;-16 000
Environnement, Lutte contre les changements climatiques, Faune ;Fonds bleu;Dépenses;Excédent à approuver;0
Environnement, Lutte contre les changements climatiques, Faune ;Fonds bleu;Surplus (déficit);Surplus (déficit) de l'exercice lié aux activités;52 000
Environnement, Lutte contre les changements climatiques, Faune ;Fonds bleu;Surplus (déficit);Surplus (déficit) cumulé lié aux activités, au début;38 332 000
Environnement, Lutte contre les changements climatiques, Faune ;Fonds bleu;Surplus (déficit);Surplus (déficit) cumulé lié aux activités, à la fin;38 383 000
Environnement, Lutte contre les changements climatiques, Faune ;Fonds bleu;Investissements;Excédent à approuver;0
Environnement, Lutte contre les changements climatiques, Faune ;Fonds d'électrification et de changements climatiques;Revenus;Transferts provenant du ministère responsable;8 020 000
Environnement, Lutte contre les changements climatiques, Faune ;Fonds d'électrification et de changements climatiques;Revenus;Transferts provenant des autres entités du périmètre comptable du gouvernement du Québec;377 000
Environnement, Lutte contre les changements climatiques, Faune ;Fonds d'électrification et de changements climatiques;Revenus;Droits, permis et redevances;1 414 899 000
Environnement, Lutte contre les changements climatiques, Faune ;Fonds d'électrification et de changements climatiques;Revenus;Revenus divers;203 005 000
Environnement, Lutte contre les changements climatiques, Faune ;Fonds d'électrification et de changements climatiques;Revenus;Transferts du gouvernement fédéral;54 597 000
Environnement, Lutte contre les changements climatiques, Faune ;Fonds d'électrification et de changements climatiques;Dépenses;Rémunération;33 420 000
Environnement, Lutte contre les changements climatiques, Faune ;Fonds d'électrification et de changements climatiques;Dépenses;Fonctionnement;55 015 000
Environnement, Lutte contre les changements climatiques, Faune ;Fonds d'électrification et de changements climatiques;Dépenses;Transferts;1 387 215 000
Environnement, Lutte contre les changements climatiques, Faune ;Fonds d'électrification et de changements climatiques;Dépenses;Créances douteuses et autres provisions;3 066 000
Environnement, Lutte contre les changements climatiques, Faune ;Fonds d'électrification et de changements climatiques;Dépenses;Excédent à approuver;0
Environnement, Lutte contre les changements climatiques, Faune ;Fonds d'électrification et de changements climatiques;Surplus (déficit);Surplus (déficit) de l'exercice lié aux activités;202 181 000
Environnement, Lutte contre les changements climatiques, Faune ;Fonds d'électrification et de changements climatiques;Surplus (déficit);Surplus (déficit) cumulé lié aux activités, au début;1 641 036 000
Environnement, Lutte contre les changements climatiques, Faune ;Fonds d'électrification et de changements climatiques;Surplus (déficit);Surplus (déficit) cumulé lié aux activités, à la fin;1 843 217 000
Environnement, Lutte contre les changements climatiques, Faune ;Fonds d'électrification et de changements climatiques;Investissements;Immobilisations autres qu'en ressources informationnelles;1 461 000
Environnement, Lutte contre les changements climatiques, Faune ;Fonds d'électrification et de changements climatiques;Investissements;Prêts, placements, avances et autres coûts ;169 421 000
Environnement, Lutte contre les changements climatiques, Faune ;Fonds d'électrification et de changements climatiques;Investissements;Excédent à approuver;0
Environnement, Lutte contre les changements climatiques, Faune ;Fonds de protection de l'environnement et du domaine hydrique de l'État;Revenus;Transferts provenant des autres entités du périmètre comptable du gouvernement du Québec;5 215 000
Environnement, Lutte contre les changements climatiques, Faune ;Fonds de protection de l'environnement et du domaine hydrique de l'État;Revenus;Droits, permis et redevances;305 614 000
Environnement, Lutte contre les changements climatiques, Faune ;Fonds de protection de l'environnement et du domaine hydrique de l'État;Revenus;Revenus divers;49 736 000
Environnement, Lutte contre les changements climatiques, Faune ;Fonds de protection de l'environnement et du domaine hydrique de l'État;Revenus;Transferts du gouvernement fédéral;14 211 000
Environnement, Lutte contre les changements climatiques, Faune ;Fonds de protection de l'environnement et du domaine hydrique de l'État;Dépenses;Rémunération;57 735 000
Environnement, Lutte contre les changements climatiques, Faune ;Fonds de protection de l'environnement et du domaine hydrique de l'État;Dépenses;Fonctionnement;26 636 000
Environnement, Lutte contre les changements climatiques, Faune ;Fonds de protection de l'environnement et du domaine hydrique de l'État;Dépenses;Transferts;163 986 000
Environnement, Lutte contre les changements climatiques, Faune ;Fonds de protection de l'environnement et du domaine hydrique de l'État;Dépenses;Créances douteuses et autres provisions;-253 000
Environnement, Lutte contre les changements climatiques, Faune ;Fonds de protection de l'environnement et du domaine hydrique de l'État;Dépenses;Excédent à approuver;0
Environnement, Lutte contre les changements climatiques, Faune ;Fonds de protection de l'environnement et du domaine hydrique de l'État;Surplus (déficit);Surplus (déficit) de l'exercice lié aux activités;126 672 000
Environnement, Lutte contre les changements climatiques, Faune ;Fonds de protection de l'environnement et du domaine hydrique de l'État;Surplus (déficit);Surplus (déficit) cumulé lié aux activités, au début;609 483 000
Environnement, Lutte contre les changements climatiques, Faune ;Fonds de protection de l'environnement et du domaine hydrique de l'État;Surplus (déficit);Surplus (déficit) cumulé lié aux activités, à la fin;736 155 000
Environnement, Lutte contre les changements climatiques, Faune ;Fonds de protection de l'environnement et du domaine hydrique de l'État;Investissements;Immobilisations autres qu'en ressources informationnelles;549 000
Environnement, Lutte contre les changements climatiques, Faune ;Fonds de protection de l'environnement et du domaine hydrique de l'État;Investissements;Immobilisations en ressources informationnelles;705 000
Environnement, Lutte contre les changements climatiques, Faune ;Fonds de protection de l'environnement et du domaine hydrique de l'État;Investissements;Prêts, placements, avances et autres coûts ;217 735 000
Environnement, Lutte contre les changements climatiques, Faune ;Fonds de protection de l'environnement et du domaine hydrique de l'État;Investissements;Excédent à approuver;0
Environnement, Lutte contre les changements climatiques, Faune ;Fonds des ressources naturelles;Revenus;Revenus divers;31 000
Environnement, Lutte contre les changements climatiques, Faune ;Fonds des ressources naturelles;Dépenses;Fonctionnement;1 000
Environnement, Lutte contre les changements climatiques, Faune ;Fonds des ressources naturelles;Dépenses;Excédent à approuver;0
Environnement, Lutte contre les changements climatiques, Faune ;Fonds des ressources naturelles;Surplus (déficit);Surplus (déficit) de l'exercice lié aux activités;30 000
Environnement, Lutte contre les changements climatiques, Faune ;Fonds des ressources naturelles;Surplus (déficit);Surplus (déficit) cumulé lié aux activités, au début;22 000
Environnement, Lutte contre les changements climatiques, Faune ;Fonds des ressources naturelles;Surplus (déficit);Surplus (déficit) cumulé lié aux activités, à la fin;52 000
Environnement, Lutte contre les changements climatiques, Faune ;Fonds des ressources naturelles;Investissements;Excédent à approuver;0
Famille;Fonds des services de garde éducatifs à l'enfance;Revenus;Transferts provenant du ministère responsable;3 846 539 000
Famille;Fonds des services de garde éducatifs à l'enfance;Revenus;Revenus divers;2 248 000
Famille;Fonds des services de garde éducatifs à l'enfance;Dépenses;Transferts;3 848 868 000
Famille;Fonds des services de garde éducatifs à l'enfance;Dépenses;Créances douteuses et autres provisions;-81 000
Famille;Fonds des services de garde éducatifs à l'enfance;Dépenses;Excédent à approuver;457 270 000
Famille;Fonds des services de garde éducatifs à l'enfance;Surplus (déficit);Surplus (déficit) de l'exercice lié aux activités;0
Famille;Fonds des services de garde éducatifs à l'enfance;Surplus (déficit);Surplus (déficit) cumulé lié aux activités, au début;0
Famille;Fonds des services de garde éducatifs à l'enfance;Surplus (déficit);Surplus (déficit) cumulé lié aux activités, à la fin;0
Famille;Fonds des services de garde éducatifs à l'enfance;Investissements;Excédent à approuver;0
Finances;Fonds de financement;Revenus;Revenus divers;2 625 498 000
Finances;Fonds de financement;Dépenses;Rémunération;2 408 000
Finances;Fonds de financement;Dépenses;Fonctionnement;423 000
Finances;Fonds de financement;Dépenses;Excédent à approuver;0
Finances;Fonds de financement;Dépenses;Service de la dette;2 591 093 000
Finances;Fonds de financement;Surplus (déficit);Surplus (déficit) de l'exercice lié aux activités;31 575 000
Finances;Fonds de financement;Surplus (déficit);Surplus (déficit) cumulé lié aux activités, au début;774 469 000
Finances;Fonds de financement;Surplus (déficit);Surplus (déficit) cumulé lié aux activités, à la fin;806 044 000
Finances;Fonds de financement;Surplus (déficit);Gains (pertes) de réévaluation cumulé(e)s;-44 624 000
Finances;Fonds de financement;Surplus (déficit);Surplus (déficit) cumulé à la fin;761 420 000
Finances;Fonds de financement;Investissements;Prêts, placements, avances et autres coûts ;8 389 732 000
Finances;Fonds de financement;Investissements;Excédent à approuver;0
Finances;Fonds de l'aide financière à l'investissement et des contrats spéciaux;Revenus;Revenus provenant des entreprises du gouvernement;239 236 000
Finances;Fonds de l'aide financière à l'investissement et des contrats spéciaux;Dépenses;Transferts;239 236 000
Finances;Fonds de l'aide financière à l'investissement et des contrats spéciaux;Dépenses;Excédent à approuver;13 236 000
Finances;Fonds de l'aide financière à l'investissement et des contrats spéciaux;Surplus (déficit);Surplus (déficit) de l'exercice lié aux activités;0
Finances;Fonds de l'aide financière à l'investissement et des contrats spéciaux;Surplus (déficit);Surplus (déficit) cumulé lié aux activités, au début;0
Finances;Fonds de l'aide financière à l'investissement et des contrats spéciaux;Surplus (déficit);Surplus (déficit) cumulé lié aux activités, à la fin;0
Finances;Fonds de l'aide financière à l'investissement et des contrats spéciaux;Investissements;Excédent à approuver;0
Finances;Fonds de lutte contre les dépendances;Revenus;Taxes à la consommation;111 839 000
Finances;Fonds de lutte contre les dépendances;Revenus;Revenus divers;6 807 000
Finances;Fonds de lutte contre les dépendances;Revenus;Revenus provenant des entreprises du gouvernement;150 041 000
Finances;Fonds de lutte contre les dépendances;Dépenses;Fonctionnement;22 459 000
Finances;Fonds de lutte contre les dépendances;Dépenses;Transferts;205 433 000
Finances;Fonds de lutte contre les dépendances;Dépenses;Excédent à approuver;2 153 000
Finances;Fonds de lutte contre les dépendances;Surplus (déficit);Surplus (déficit) de l'exercice lié aux activités;40 796 000
Finances;Fonds de lutte contre les dépendances;Surplus (déficit);Surplus (déficit) cumulé lié aux activités, au début;177 660 000
Finances;Fonds de lutte contre les dépendances;Surplus (déficit);Surplus (déficit) cumulé lié aux activités, à la fin;218 456 000
Finances;Fonds de lutte contre les dépendances;Investissements;Excédent à approuver;0
Finances;Fonds des générations;Revenus;Transferts provenant des autres entités du périmètre comptable du gouvernement du Québec;400 000 000
Finances;Fonds des générations;Revenus;Droits, permis et redevances;870 698 000
Finances;Fonds des générations;Revenus;Revenus divers;875 874 000
Finances;Fonds des générations;Revenus;Revenus provenant des entreprises du gouvernement;650 000 000
Finances;Fonds des générations;Dépenses;Excédent à approuver;0
Finances;Fonds des générations;Surplus (déficit);Surplus (déficit) de l'exercice lié aux activités;2 796 572 000
Finances;Fonds des générations;Surplus (déficit);Surplus (déficit) cumulé lié aux activités, au début;18 458 420 000
Finances;Fonds des générations;Surplus (déficit);Remboursement d'emprunts;-4 400 000 000
Finances;Fonds des générations;Surplus (déficit);Surplus (déficit) cumulé lié aux activités, à la fin;16 854 992 000
Finances;Fonds des générations;Investissements;Prêts, placements, avances et autres coûts ;2 753 682 000
Finances;Fonds des générations;Investissements;Excédent à approuver;0
Finances;Fonds du Centre financier de Montréal;Revenus;Transferts provenant du ministère responsable;600 000
Finances;Fonds du Centre financier de Montréal;Revenus;Droits, permis et redevances;1 660 000
Finances;Fonds du Centre financier de Montréal;Dépenses;Transferts;1 896 000
Finances;Fonds du Centre financier de Montréal;Dépenses;Excédent à approuver;0
Finances;Fonds du Centre financier de Montréal;Surplus (déficit);Surplus (déficit) de l'exercice lié aux activités;363 000
Finances;Fonds du Centre financier de Montréal;Surplus (déficit);Surplus (déficit) cumulé lié aux activités, au début;2 593 000
Finances;Fonds du Centre financier de Montréal;Surplus (déficit);Surplus (déficit) cumulé lié aux activités, à la fin;2 956 000
Finances;Fonds du Centre financier de Montréal;Investissements;Excédent à approuver;0
Finances;Fonds du Plan Nord;Revenus;Impôt sur le revenu et les biens;110 000 000
Finances;Fonds du Plan Nord;Revenus;Revenus divers;24 149 000
Finances;Fonds du Plan Nord;Dépenses;Fonctionnement;101 000
Finances;Fonds du Plan Nord;Dépenses;Transferts;127 824 000
Finances;Fonds du Plan Nord;Dépenses;Excédent à approuver;0
Finances;Fonds du Plan Nord;Surplus (déficit);Surplus (déficit) de l'exercice lié aux activités;6 224 000
Finances;Fonds du Plan Nord;Surplus (déficit);Surplus (déficit) cumulé lié aux activités, au début;150 634 000
Finances;Fonds du Plan Nord;Surplus (déficit);Surplus (déficit) cumulé lié aux activités, à la fin;156 857 000
Finances;Fonds du Plan Nord;Investissements;Excédent à approuver;0
Finances;Fonds du Tribunal administratif des marchés financiers;Revenus;Droits, permis et redevances;4 000
Finances;Fonds du Tribunal administratif des marchés financiers;Revenus;Revenus divers;3 546 000
Finances;Fonds du Tribunal administratif des marchés financiers;Dépenses;Rémunération;2 955 000
Finances;Fonds du Tribunal administratif des marchés financiers;Dépenses;Fonctionnement;796 000
Finances;Fonds du Tribunal administratif des marchés financiers;Dépenses;Excédent à approuver;0
Finances;Fonds du Tribunal administratif des marchés financiers;Surplus (déficit);Surplus (déficit) de l'exercice lié aux activités;-201 000
Finances;Fonds du Tribunal administratif des marchés financiers;Surplus (déficit);Surplus (déficit) cumulé lié aux activités, au début;4 862 000
Finances;Fonds du Tribunal administratif des marchés financiers;Surplus (déficit);Surplus (déficit) cumulé lié aux activités, à la fin;4 661 000
Finances;Fonds du Tribunal administratif des marchés financiers;Investissements;Excédent à approuver;0
Finances;Fonds relatif à l'administration fiscale;Revenus;Impôt sur le revenu et les biens;1 329 143 000
Finances;Fonds relatif à l'administration fiscale;Dépenses;Fonctionnement;1 329 143 000
Finances;Fonds relatif à l'administration fiscale;Dépenses;Excédent à approuver;46 470 000
Finances;Fonds relatif à l'administration fiscale;Surplus (déficit);Surplus (déficit) de l'exercice lié aux activités;0
Finances;Fonds relatif à l'administration fiscale;Surplus (déficit);Surplus (déficit) cumulé lié aux activités, au début;0
Finances;Fonds relatif à l'administration fiscale;Surplus (déficit);Surplus (déficit) cumulé lié aux activités, à la fin;0
Finances;Fonds relatif à l'administration fiscale;Investissements;Excédent à approuver;0
Justice;Fonds Accès Justice;Revenus;Transferts provenant du ministère responsable;8 540 000
Justice;Fonds Accès Justice;Revenus;Revenus divers;16 835 000
Justice;Fonds Accès Justice;Revenus;Transferts du gouvernement fédéral;2 677 000
Justice;Fonds Accès Justice;Dépenses;Rémunération;3 699 000
Justice;Fonds Accès Justice;Dépenses;Fonctionnement;17 758 000
Justice;Fonds Accès Justice;Dépenses;Transferts;12 346 000
Justice;Fonds Accès Justice;Dépenses;Créances douteuses et autres provisions;139 000
Justice;Fonds Accès Justice;Dépenses;Excédent à approuver;0
Justice;Fonds Accès Justice;Surplus (déficit);Surplus (déficit) de l'exercice lié aux activités;-5 890 000
Justice;Fonds Accès Justice;Surplus (déficit);Surplus (déficit) cumulé lié aux activités, au début;13 425 000
Justice;Fonds Accès Justice;Surplus (déficit);Surplus (déficit) cumulé lié aux activités, à la fin;7 535 000
Justice;Fonds Accès Justice;Investissements;Excédent à approuver;0
Justice;Fonds affecté à l'aide des personnes victimes d’infractions criminelles;Revenus;Transferts provenant du ministère responsable;24 679 000
Justice;Fonds affecté à l'aide des personnes victimes d’infractions criminelles;Revenus;Revenus divers;30 068 000
Justice;Fonds affecté à l'aide des personnes victimes d’infractions criminelles;Revenus;Transferts du gouvernement fédéral;2 550 000
Justice;Fonds affecté à l'aide des personnes victimes d’infractions criminelles;Dépenses;Rémunération;3 600 000
Justice;Fonds affecté à l'aide des personnes victimes d’infractions criminelles;Dépenses;Fonctionnement;1 164 000
Justice;Fonds affecté à l'aide des personnes victimes d’infractions criminelles;Dépenses;Transferts;55 676 000
Justice;Fonds affecté à l'aide des personnes victimes d’infractions criminelles;Dépenses;Créances douteuses et autres provisions;565 000
Justice;Fonds affecté à l'aide des personnes victimes d’infractions criminelles;Dépenses;Excédent à approuver;6 480 000
Justice;Fonds affecté à l'aide des personnes victimes d’infractions criminelles;Surplus (déficit);Surplus (déficit) de l'exercice lié aux activités;-3 708 000
Justice;Fonds affecté à l'aide des personnes victimes d’infractions criminelles;Surplus (déficit);Surplus (déficit) cumulé lié aux activités, au début;6 672 000
Justice;Fonds affecté à l'aide des personnes victimes d’infractions criminelles;Surplus (déficit);Surplus (déficit) cumulé lié aux activités, à la fin;2 965 000
Justice;Fonds affecté à l'aide des personnes victimes d’infractions criminelles;Investissements;Immobilisations en ressources informationnelles;363 000
Justice;Fonds affecté à l'aide des personnes victimes d’infractions criminelles;Investissements;Excédent à approuver;363 000
Justice;Fonds des registres du ministère de la Justice;Revenus;Revenus divers;50 814 000
Justice;Fonds des registres du ministère de la Justice;Dépenses;Rémunération;30 863 000
Justice;Fonds des registres du ministère de la Justice;Dépenses;Fonctionnement;16 777 000
Justice;Fonds des registres du ministère de la Justice;Dépenses;Excédent à approuver;0
Justice;Fonds des registres du ministère de la Justice;Surplus (déficit);Surplus (déficit) de l'exercice lié aux activités;3 174 000
Justice;Fonds des registres du ministère de la Justice;Surplus (déficit);Surplus (déficit) cumulé lié aux activités, au début;120 065 000
Justice;Fonds des registres du ministère de la Justice;Surplus (déficit);Surplus (déficit) cumulé lié aux activités, à la fin;123 239 000
Justice;Fonds des registres du ministère de la Justice;Investissements;Immobilisations en ressources informationnelles;3 017 000
Justice;Fonds des registres du ministère de la Justice;Investissements;Excédent à approuver;0
Justice;Fonds du Tribunal administratif du Québec;Revenus;Transferts provenant du ministère responsable;10 934 000
Justice;Fonds du Tribunal administratif du Québec;Revenus;Revenus divers;39 382 000
Justice;Fonds du Tribunal administratif du Québec;Dépenses;Rémunération;44 276 000
Justice;Fonds du Tribunal administratif du Québec;Dépenses;Fonctionnement;11 292 000
Justice;Fonds du Tribunal administratif du Québec;Dépenses;Service de la dette;1 000
Justice;Fonds du Tribunal administratif du Québec;Dépenses;Excédent à approuver;4 582 000
Justice;Fonds du Tribunal administratif du Québec;Surplus (déficit);Surplus (déficit) de l'exercice lié aux activités;-5 252 000
Justice;Fonds du Tribunal administratif du Québec;Surplus (déficit);Surplus (déficit) cumulé lié aux activités, au début;38 271 000
Justice;Fonds du Tribunal administratif du Québec;Surplus (déficit);Surplus (déficit) cumulé lié aux activités, à la fin;33 019 000
Justice;Fonds du Tribunal administratif du Québec;Investissements;Immobilisations autres qu'en ressources informationnelles;34 000
Justice;Fonds du Tribunal administratif du Québec;Investissements;Immobilisations en ressources informationnelles;1 526 000
Justice;Fonds du Tribunal administratif du Québec;Investissements;Excédent à approuver;26 000
Ressources naturelles et Forêts;Fonds des ressources naturelles;Revenus;Transferts provenant du ministère responsable;432 501 000
Ressources naturelles et Forêts;Fonds des ressources naturelles;Revenus;Droits, permis et redevances;321 644 000
Ressources naturelles et Forêts;Fonds des ressources naturelles;Revenus;Revenus divers;11 710 000
Ressources naturelles et Forêts;Fonds des ressources naturelles;Revenus;Transferts du gouvernement fédéral;49 000
Ressources naturelles et Forêts;Fonds des ressources naturelles;Dépenses;Rémunération;98 593 000
Ressources naturelles et Forêts;Fonds des ressources naturelles;Dépenses;Fonctionnement;474 336 000
Ressources naturelles et Forêts;Fonds des ressources naturelles;Dépenses;Transferts;210 343 000
Ressources naturelles et Forêts;Fonds des ressources naturelles;Dépenses;Créances douteuses et autres provisions;88 000
Ressources naturelles et Forêts;Fonds des ressources naturelles;Dépenses;Excédent à approuver;0
Ressources naturelles et Forêts;Fonds des ressources naturelles;Surplus (déficit);Surplus (déficit) de l'exercice lié aux activités;-17 457 000
Ressources naturelles et Forêts;Fonds des ressources naturelles;Surplus (déficit);Surplus (déficit) cumulé lié aux activités, au début;134 652 000
Ressources naturelles et Forêts;Fonds des ressources naturelles;Surplus (déficit);Surplus (déficit) cumulé lié aux activités, à la fin;117 195 000
Ressources naturelles et Forêts;Fonds des ressources naturelles;Investissements;Immobilisations autres qu'en ressources informationnelles;16 454 000
Ressources naturelles et Forêts;Fonds des ressources naturelles;Investissements;Immobilisations en ressources informationnelles;1 156 000
Ressources naturelles et Forêts;Fonds des ressources naturelles;Investissements;Excédent à approuver;0
Ressources naturelles et Forêts;Fonds d'information sur le territoire;Revenus;Droits, permis et redevances;82 000
Ressources naturelles et Forêts;Fonds d'information sur le territoire;Revenus;Revenus divers;252 110 000
Ressources naturelles et Forêts;Fonds d'information sur le territoire;Dépenses;Rémunération;59 257 000
Ressources naturelles et Forêts;Fonds d'information sur le territoire;Dépenses;Fonctionnement;109 946 000
Ressources naturelles et Forêts;Fonds d'information sur le territoire;Dépenses;Transferts;402 304 000
Ressources naturelles et Forêts;Fonds d'information sur le territoire;Dépenses;Créances douteuses et autres provisions;102 000
Ressources naturelles et Forêts;Fonds d'information sur le territoire;Dépenses;Excédent à approuver;0
Ressources naturelles et Forêts;Fonds d'information sur le territoire;Surplus (déficit);Surplus (déficit) de l'exercice lié aux activités;-319 418 000
Ressources naturelles et Forêts;Fonds d'information sur le territoire;Surplus (déficit);Surplus (déficit) cumulé lié aux activités, au début;841 560 000
Ressources naturelles et Forêts;Fonds d'information sur le territoire;Surplus (déficit);Surplus (déficit) cumulé lié aux activités, à la fin;522 142 000
Ressources naturelles et Forêts;Fonds d'information sur le territoire;Investissements;Immobilisations autres qu'en ressources informationnelles;701 000
Ressources naturelles et Forêts;Fonds d'information sur le territoire;Investissements;Immobilisations en ressources informationnelles;4 236 000
Ressources naturelles et Forêts;Fonds d'information sur le territoire;Investissements;Prêts, placements, avances et autres coûts ;62 498 000
Ressources naturelles et Forêts;Fonds d'information sur le territoire;Investissements;Excédent à approuver;0
Santé et Services sociaux;Fonds de prévention et de recherche en matière de cannabis;Revenus;Transferts provenant des autres entités du périmètre comptable du gouvernement du Québec;123 095 000
Santé et Services sociaux;Fonds de prévention et de recherche en matière de cannabis;Revenus;Revenus divers;5 156 000
Santé et Services sociaux;Fonds de prévention et de recherche en matière de cannabis;Dépenses;Rémunération;1 807 000
Santé et Services sociaux;Fonds de prévention et de recherche en matière de cannabis;Dépenses;Fonctionnement;5 620 000
Santé et Services sociaux;Fonds de prévention et de recherche en matière de cannabis;Dépenses;Transferts;98 995 000
Santé et Services sociaux;Fonds de prévention et de recherche en matière de cannabis;Dépenses;Excédent à approuver;0
Santé et Services sociaux;Fonds de prévention et de recherche en matière de cannabis;Surplus (déficit);Surplus (déficit) de l'exercice lié aux activités;21 828 000
Santé et Services sociaux;Fonds de prévention et de recherche en matière de cannabis;Surplus (déficit);Surplus (déficit) cumulé lié aux activités, au début;72 590 000
Santé et Services sociaux;Fonds de prévention et de recherche en matière de cannabis;Surplus (déficit);Surplus (déficit) cumulé lié aux activités, à la fin;94 418 000
Santé et Services sociaux;Fonds de prévention et de recherche en matière de cannabis;Investissements;Excédent à approuver;0
Santé et Services sociaux;Fonds des ressources informationnelles du secteur de la santé et des services sociaux;Revenus;Transferts provenant du ministère responsable;600 158 000
Santé et Services sociaux;Fonds des ressources informationnelles du secteur de la santé et des services sociaux;Revenus;Revenus divers;62 947 000
Santé et Services sociaux;Fonds des ressources informationnelles du secteur de la santé et des services sociaux;Revenus;Transferts du gouvernement fédéral;1 155 000
Santé et Services sociaux;Fonds des ressources informationnelles du secteur de la santé et des services sociaux;Dépenses;Rémunération;44 445 000
Santé et Services sociaux;Fonds des ressources informationnelles du secteur de la santé et des services sociaux;Dépenses;Fonctionnement;386 470 000
Santé et Services sociaux;Fonds des ressources informationnelles du secteur de la santé et des services sociaux;Dépenses;Transferts;225 170 000
Santé et Services sociaux;Fonds des ressources informationnelles du secteur de la santé et des services sociaux;Dépenses;Créances douteuses et autres provisions;2 293 000
Santé et Services sociaux;Fonds des ressources informationnelles du secteur de la santé et des services sociaux;Dépenses;Service de la dette;5 481 000
Santé et Services sociaux;Fonds des ressources informationnelles du secteur de la santé et des services sociaux;Dépenses;Excédent à approuver;49 919 000
Santé et Services sociaux;Fonds des ressources informationnelles du secteur de la santé et des services sociaux;Surplus (déficit);Surplus (déficit) de l'exercice lié aux activités;402 000
Santé et Services sociaux;Fonds des ressources informationnelles du secteur de la santé et des services sociaux;Surplus (déficit);Surplus (déficit) cumulé lié aux activités, au début;100 578 000
Santé et Services sociaux;Fonds des ressources informationnelles du secteur de la santé et des services sociaux;Surplus (déficit);Redressements des années antérieures - Revenus;104 138 000
Santé et Services sociaux;Fonds des ressources informationnelles du secteur de la santé et des services sociaux;Surplus (déficit);Surplus (déficit) cumulé lié aux activités, à la fin;205 117 000
Santé et Services sociaux;Fonds des ressources informationnelles du secteur de la santé et des services sociaux;Investissements;Immobilisations en ressources informationnelles;143 431 000
Santé et Services sociaux;Fonds des ressources informationnelles du secteur de la santé et des services sociaux;Investissements;Excédent à approuver;1 274 000
Sécurité publique;Fonds des services de police;Revenus;Transferts provenant du ministère responsable;451 537 000
Sécurité publique;Fonds des services de police;Revenus;Revenus divers;427 444 000
Sécurité publique;Fonds des services de police;Dépenses;Rémunération;697 328 000
Sécurité publique;Fonds des services de police;Dépenses;Fonctionnement;181 374 000
Sécurité publique;Fonds des services de police;Dépenses;Créances douteuses et autres provisions;2 000
Sécurité publique;Fonds des services de police;Dépenses;Service de la dette;277 000
Sécurité publique;Fonds des services de police;Dépenses;Excédent à approuver;50 959 000
Sécurité publique;Fonds des services de police;Surplus (déficit);Surplus (déficit) de l'exercice lié aux activités;0
Sécurité publique;Fonds des services de police;Surplus (déficit);Surplus (déficit) cumulé lié aux activités, au début;0
Sécurité publique;Fonds des services de police;Surplus (déficit);Surplus (déficit) cumulé lié aux activités, à la fin;0
Sécurité publique;Fonds des services de police;Investissements;Immobilisations autres qu'en ressources informationnelles;28 467 000
Sécurité publique;Fonds des services de police;Investissements;Immobilisations en ressources informationnelles;7 651 000
Sécurité publique;Fonds des services de police;Investissements;Excédent à approuver;13 142 000
Tourisme;Fonds de partenariat touristique;Revenus;Transferts provenant du ministère responsable;178 027 000
Tourisme;Fonds de partenariat touristique;Revenus;Taxes à la consommation;168 395 000
Tourisme;Fonds de partenariat touristique;Revenus;Droits, permis et redevances;3 251 000
Tourisme;Fonds de partenariat touristique;Revenus;Revenus divers;7 766 000
Tourisme;Fonds de partenariat touristique;Dépenses;Rémunération;24 973 000
Tourisme;Fonds de partenariat touristique;Dépenses;Fonctionnement;13 932 000
Tourisme;Fonds de partenariat touristique;Dépenses;Transferts;314 549 000
Tourisme;Fonds de partenariat touristique;Dépenses;Créances douteuses et autres provisions;1 669 000
Tourisme;Fonds de partenariat touristique;Dépenses;Excédent à approuver;0
Tourisme;Fonds de partenariat touristique;Surplus (déficit);Surplus (déficit) de l'exercice lié aux activités;2 315 000
Tourisme;Fonds de partenariat touristique;Surplus (déficit);Surplus (déficit) cumulé lié aux activités, au début;17 104 000
Tourisme;Fonds de partenariat touristique;Surplus (déficit);Surplus (déficit) cumulé lié aux activités, à la fin;19 419 000
Tourisme;Fonds de partenariat touristique;Investissements;Immobilisations autres qu'en ressources informationnelles;1 000
Tourisme;Fonds de partenariat touristique;Investissements;Immobilisations en ressources informationnelles;61 000
Tourisme;Fonds de partenariat touristique;Investissements;Excédent à approuver;0
Transports et Mobilité durable;Fonds aérien;Revenus;Revenus divers;115 463 000
Transports et Mobilité durable;Fonds aérien;Dépenses;Rémunération;34 633 000
Transports et Mobilité durable;Fonds aérien;Dépenses;Fonctionnement;77 746 000
Transports et Mobilité durable;Fonds aérien;Dépenses;Service de la dette;547 000
Transports et Mobilité durable;Fonds aérien;Dépenses;Excédent à approuver;4 065 000
Transports et Mobilité durable;Fonds aérien;Surplus (déficit);Surplus (déficit) de l'exercice lié aux activités;2 537 000
Transports et Mobilité durable;Fonds aérien;Surplus (déficit);Surplus (déficit) cumulé lié aux activités, au début;66 433 000
Transports et Mobilité durable;Fonds aérien;Surplus (déficit);Surplus (déficit) cumulé lié aux activités, à la fin;68 970 000
Transports et Mobilité durable;Fonds aérien;Investissements;Immobilisations autres qu'en ressources informationnelles;29 949 000
Transports et Mobilité durable;Fonds aérien;Investissements;Immobilisations en ressources informationnelles;1 112 000
Transports et Mobilité durable;Fonds aérien;Investissements;Prêts, placements, avances et autres coûts ;23 054 000
Transports et Mobilité durable;Fonds aérien;Investissements;Excédent à approuver;7 916 000
Transports et Mobilité durable;Fonds de gestion de l'équipement roulant;Revenus;Transferts provenant des autres entités du périmètre comptable du gouvernement du Québec;1 715 000
Transports et Mobilité durable;Fonds de gestion de l'équipement roulant;Revenus;Revenus divers;178 130 000
Transports et Mobilité durable;Fonds de gestion de l'équipement roulant;Dépenses;Rémunération;41 304 000
Transports et Mobilité durable;Fonds de gestion de l'équipement roulant;Dépenses;Fonctionnement;126 580 000
Transports et Mobilité durable;Fonds de gestion de l'équipement roulant;Dépenses;Service de la dette;10 839 000
Transports et Mobilité durable;Fonds de gestion de l'équipement roulant;Dépenses;Excédent à approuver;0
Transports et Mobilité durable;Fonds de gestion de l'équipement roulant;Surplus (déficit);Surplus (déficit) de l'exercice lié aux activités;1 121 000
Transports et Mobilité durable;Fonds de gestion de l'équipement roulant;Surplus (déficit);Surplus (déficit) cumulé lié aux activités, au début;26 828 000
Transports et Mobilité durable;Fonds de gestion de l'équipement roulant;Surplus (déficit);Surplus (déficit) cumulé lié aux activités, à la fin;27 949 000
Transports et Mobilité durable;Fonds de gestion de l'équipement roulant;Investissements;Immobilisations autres qu'en ressources informationnelles;91 976 000
Transports et Mobilité durable;Fonds de gestion de l'équipement roulant;Investissements;Immobilisations en ressources informationnelles;328 000
Transports et Mobilité durable;Fonds de gestion de l'équipement roulant;Investissements;Prêts, placements, avances et autres coûts ;8 117 000
Transports et Mobilité durable;Fonds de gestion de l'équipement roulant;Investissements;Excédent à approuver;0
Transports et Mobilité durable;Fonds de la sécurité routière;Revenus;Revenus divers;91 293 000
Transports et Mobilité durable;Fonds de la sécurité routière;Dépenses;Rémunération;17 353 000
Transports et Mobilité durable;Fonds de la sécurité routière;Dépenses;Fonctionnement;19 597 000
Transports et Mobilité durable;Fonds de la sécurité routière;Dépenses;Transferts;20 829 000
Transports et Mobilité durable;Fonds de la sécurité routière;Dépenses;Créances douteuses et autres provisions;594 000
Transports et Mobilité durable;Fonds de la sécurité routière;Dépenses;Excédent à approuver;0
Transports et Mobilité durable;Fonds de la sécurité routière;Surplus (déficit);Surplus (déficit) de l'exercice lié aux activités;32 920 000
Transports et Mobilité durable;Fonds de la sécurité routière;Surplus (déficit);Surplus (déficit) cumulé lié aux activités, au début;99 352 000
Transports et Mobilité durable;Fonds de la sécurité routière;Surplus (déficit);Surplus (déficit) cumulé lié aux activités, à la fin;132 272 000
Transports et Mobilité durable;Fonds de la sécurité routière;Investissements;Immobilisations autres qu'en ressources informationnelles;251 000
Transports et Mobilité durable;Fonds de la sécurité routière;Investissements;Excédent à approuver;0
Transports et Mobilité durable;Fonds des réseaux de transport terrestre;Revenus;Transferts provenant du ministère responsable;2 436 378 000
Transports et Mobilité durable;Fonds des réseaux de transport terrestre;Revenus;Transferts provenant des autres entités du périmètre comptable du gouvernement du Québec;164 642 000
Transports et Mobilité durable;Fonds des réseaux de transport terrestre;Revenus;Taxes à la consommation;2 120 466 000
Transports et Mobilité durable;Fonds des réseaux de transport terrestre;Revenus;Droits, permis et redevances;1 631 477 000
Transports et Mobilité durable;Fonds des réseaux de transport terrestre;Revenus;Revenus divers;54 242 000
Transports et Mobilité durable;Fonds des réseaux de transport terrestre;Revenus;Transferts du gouvernement fédéral;359 247 000
Transports et Mobilité durable;Fonds des réseaux de transport terrestre;Dépenses;Rémunération;396 704 000
Transports et Mobilité durable;Fonds des réseaux de transport terrestre;Dépenses;Fonctionnement;2 304 742 000
Transports et Mobilité durable;Fonds des réseaux de transport terrestre;Dépenses;Transferts;3 162 451 000
Transports et Mobilité durable;Fonds des réseaux de transport terrestre;Dépenses;Créances douteuses et autres provisions;9 280 000
Transports et Mobilité durable;Fonds des réseaux de transport terrestre;Dépenses;Service de la dette;1 009 906 000
Transports et Mobilité durable;Fonds des réseaux de transport terrestre;Dépenses;Excédent à approuver;827 963 000
Transports et Mobilité durable;Fonds des réseaux de transport terrestre;Surplus (déficit);Surplus (déficit) de l'exercice lié aux activités;-116 630 000
Transports et Mobilité durable;Fonds des réseaux de transport terrestre;Surplus (déficit);Surplus (déficit) cumulé lié aux activités, au début;2 081 813 000
Transports et Mobilité durable;Fonds des réseaux de transport terrestre;Surplus (déficit);Surplus (déficit) cumulé lié aux activités, à la fin;1 965 183 000
Transports et Mobilité durable;Fonds des réseaux de transport terrestre;Investissements;Immobilisations autres qu'en ressources informationnelles;4 012 692 000
Transports et Mobilité durable;Fonds des réseaux de transport terrestre;Investissements;Immobilisations en ressources informationnelles;22 175 000
Transports et Mobilité durable;Fonds des réseaux de transport terrestre;Investissements;Prêts, placements, avances et autres coûts ;372 290 000
Transports et Mobilité durable;Fonds des réseaux de transport terrestre;Investissements;Excédent à approuver;742 433 000
Travail;Fonds du Tribunal administratif du travail;Revenus;Transferts provenant du ministère responsable;5 673 000
Travail;Fonds du Tribunal administratif du travail;Revenus;Revenus divers;93 047 000
Travail;Fonds du Tribunal administratif du travail;Dépenses;Rémunération;80 294 000
Travail;Fonds du Tribunal administratif du travail;Dépenses;Fonctionnement;18 178 000
Travail;Fonds du Tribunal administratif du travail;Dépenses;Créances douteuses et autres provisions;1 000
Travail;Fonds du Tribunal administratif du travail;Dépenses;Service de la dette;247 000
Travail;Fonds du Tribunal administratif du travail;Dépenses;Excédent à approuver;0
Travail;Fonds du Tribunal administratif du travail;Surplus (déficit);Surplus (déficit) de l'exercice lié aux activités;0
Travail;Fonds du Tribunal administratif du travail;Surplus (déficit);Surplus (déficit) cumulé lié aux activités, au début;11 488 000
Travail;Fonds du Tribunal administratif du travail;Surplus (déficit);Surplus (déficit) cumulé lié aux activités, à la fin;11 488 000
Travail;Fonds du Tribunal administratif du travail;Investissements;Immobilisations autres qu'en ressources informationnelles;372 000
Travail;Fonds du Tribunal administratif du travail;Investissements;Immobilisations en ressources informationnelles;510 000
Travail;Fonds du Tribunal administratif du travail;Investissements;Excédent à approuver;0
;;;;
;;;;
;;;;
;;;;
;;;;
;;;;
;;;;
;;;;
;;;;
;;;;
;;;;
;;;;
;;;;
;;;;
;;;;
;;;;
;;;;
;;;;
;;;;
;;;;
;;;;
;;;;
;;;;
;;;;
;;;;
;;;;
;;;;
;;;;
;;;;
;;;;
;;;;
;;;;
